scenario_id,sampled_historical_slot,name_en,stochastic_net_bike_change_15min,stochastic_demand_15min,stochastic_return_15min
1,2026-05-20 06:50:00,1st,0,0,0
1,2026-05-20 06:50:00,2nd,-1,1,0
1,2026-05-20 06:50:00,3rd,0,0,0
1,2026-05-20 06:50:00,4th,0,0,0
1,2026-05-20 06:50:00,5th,0,0,0
1,2026-05-20 06:50:00,6th,-2,2,0
1,2026-05-20 06:50:00,7th,-1,1,0
2,2026-05-21 00:50:00,1st,-1,4,3
2,2026-05-21 00:50:00,2nd,1,0,1
2,2026-05-21 00:50:00,3rd,0,3,3
2,2026-05-21 00:50:00,4th,1,0,1
2,2026-05-21 00:50:00,5th,0,0,0
2,2026-05-21 00:50:00,6th,0,0,0
2,2026-05-21 00:50:00,7th,0,0,0
3,2026-05-20 22:20:00,1st,-4,4,0
3,2026-05-20 22:20:00,2nd,0,0,0
3,2026-05-20 22:20:00,3rd,1,0,1
3,2026-05-20 22:20:00,4th,0,0,0
3,2026-05-20 22:20:00,5th,0,0,0
3,2026-05-20 22:20:00,6th,-1,1,0
3,2026-05-20 22:20:00,7th,-1,2,1
4,2026-05-20 07:50:00,1st,0,1,1
4,2026-05-20 07:50:00,2nd,-1,1,0
4,2026-05-20 07:50:00,3rd,0,0,0
4,2026-05-20 07:50:00,4th,0,0,0
4,2026-05-20 07:50:00,5th,0,0,0
4,2026-05-20 07:50:00,6th,0,1,1
4,2026-05-20 07:50:00,7th,1,0,1
5,2026-05-21 08:05:00,1st,1,1,2
5,2026-05-21 08:05:00,2nd,0,0,0
5,2026-05-21 08:05:00,3rd,0,0,0
5,2026-05-21 08:05:00,4th,0,0,0
5,2026-05-21 08:05:00,5th,0,0,0
5,2026-05-21 08:05:00,6th,0,1,1
5,2026-05-21 08:05:00,7th,0,1,1
6,2026-05-20 12:20:00,1st,0,0,0
6,2026-05-20 12:20:00,2nd,-1,1,0
6,2026-05-20 12:20:00,3rd,0,0,0
6,2026-05-20 12:20:00,4th,1,0,1
6,2026-05-20 12:20:00,5th,0,0,0
6,2026-05-20 12:20:00,6th,1,1,2
6,2026-05-20 12:20:00,7th,0,0,0
7,2026-05-20 13:20:00,1st,-1,1,0
7,2026-05-20 13:20:00,2nd,0,0,0
7,2026-05-20 13:20:00,3rd,-2,2,0
7,2026-05-20 13:20:00,4th,0,0,0
7,2026-05-20 13:20:00,5th,0,0,0
7,2026-05-20 13:20:00,6th,-1,1,0
7,2026-05-20 13:20:00,7th,0,0,0
8,2026-05-20 11:20:00,1st,-4,4,0
8,2026-05-20 11:20:00,2nd,1,0,1
8,2026-05-20 11:20:00,3rd,0,0,0
8,2026-05-20 11:20:00,4th,0,0,0
8,2026-05-20 11:20:00,5th,0,0,0
8,2026-05-20 11:20:00,6th,0,1,1
8,2026-05-20 11:20:00,7th,0,0,0
9,2026-05-20 15:20:00,1st,-3,11,8
9,2026-05-20 15:20:00,2nd,-2,2,0
9,2026-05-20 15:20:00,3rd,0,0,0
9,2026-05-20 15:20:00,4th,0,0,0
9,2026-05-20 15:20:00,5th,0,0,0
9,2026-05-20 15:20:00,6th,1,0,1
9,2026-05-20 15:20:00,7th,0,0,0
10,2026-05-20 11:05:00,1st,1,5,6
10,2026-05-20 11:05:00,2nd,-1,1,0
10,2026-05-20 11:05:00,3rd,0,0,0
10,2026-05-20 11:05:00,4th,0,0,0
10,2026-05-20 11:05:00,5th,0,0,0
10,2026-05-20 11:05:00,6th,1,1,2
10,2026-05-20 11:05:00,7th,0,0,0
11,2026-05-20 15:50:00,1st,-3,5,2
11,2026-05-20 15:50:00,2nd,-1,1,0
11,2026-05-20 15:50:00,3rd,0,0,0
11,2026-05-20 15:50:00,4th,0,0,0
11,2026-05-20 15:50:00,5th,0,0,0
11,2026-05-20 15:50:00,6th,1,1,2
11,2026-05-20 15:50:00,7th,-1,2,1
12,2026-05-21 05:20:00,1st,1,0,1
12,2026-05-21 05:20:00,2nd,0,0,0
12,2026-05-21 05:20:00,3rd,0,0,0
12,2026-05-21 05:20:00,4th,0,0,0
12,2026-05-21 05:20:00,5th,0,0,0
12,2026-05-21 05:20:00,6th,0,1,1
12,2026-05-21 05:20:00,7th,0,0,0
13,2026-05-20 18:35:00,1st,-4,6,2
13,2026-05-20 18:35:00,2nd,0,0,0
13,2026-05-20 18:35:00,3rd,0,0,0
13,2026-05-20 18:35:00,4th,0,0,0
13,2026-05-20 18:35:00,5th,0,0,0
13,2026-05-20 18:35:00,6th,0,0,0
13,2026-05-20 18:35:00,7th,0,0,0
14,2026-05-21 08:35:00,1st,0,1,1
14,2026-05-21 08:35:00,2nd,0,1,1
14,2026-05-21 08:35:00,3rd,0,0,0
14,2026-05-21 08:35:00,4th,0,0,0
14,2026-05-21 08:35:00,5th,0,0,0
14,2026-05-21 08:35:00,6th,0,0,0
14,2026-05-21 08:35:00,7th,0,0,0
15,2026-05-20 18:35:00,1st,-4,6,2
15,2026-05-20 18:35:00,2nd,0,0,0
15,2026-05-20 18:35:00,3rd,0,0,0
15,2026-05-20 18:35:00,4th,0,0,0
15,2026-05-20 18:35:00,5th,0,0,0
15,2026-05-20 18:35:00,6th,0,0,0
15,2026-05-20 18:35:00,7th,0,0,0
16,2026-05-20 13:50:00,1st,0,2,2
16,2026-05-20 13:50:00,2nd,-1,1,0
16,2026-05-20 13:50:00,3rd,0,0,0
16,2026-05-20 13:50:00,4th,0,0,0
16,2026-05-20 13:50:00,5th,0,0,0
16,2026-05-20 13:50:00,6th,1,3,4
16,2026-05-20 13:50:00,7th,3,0,3
17,2026-05-21 04:50:00,1st,0,0,0
17,2026-05-21 04:50:00,2nd,-1,1,0
17,2026-05-21 04:50:00,3rd,0,0,0
17,2026-05-21 04:50:00,4th,0,0,0
17,2026-05-21 04:50:00,5th,0,0,0
17,2026-05-21 04:50:00,6th,-1,1,0
17,2026-05-21 04:50:00,7th,0,0,0
18,2026-05-21 05:35:00,1st,-1,1,0
18,2026-05-21 05:35:00,2nd,-1,1,0
18,2026-05-21 05:35:00,3rd,0,0,0
18,2026-05-21 05:35:00,4th,0,0,0
18,2026-05-21 05:35:00,5th,0,0,0
18,2026-05-21 05:35:00,6th,0,1,1
18,2026-05-21 05:35:00,7th,0,0,0
19,2026-05-21 06:50:00,1st,1,0,1
19,2026-05-21 06:50:00,2nd,0,0,0
19,2026-05-21 06:50:00,3rd,0,2,2
19,2026-05-21 06:50:00,4th,0,0,0
19,2026-05-21 06:50:00,5th,0,0,0
19,2026-05-21 06:50:00,6th,0,0,0
19,2026-05-21 06:50:00,7th,0,0,0
20,2026-05-21 07:35:00,1st,0,1,1
20,2026-05-21 07:35:00,2nd,2,0,2
20,2026-05-21 07:35:00,3rd,0,0,0
20,2026-05-21 07:35:00,4th,0,0,0
20,2026-05-21 07:35:00,5th,0,0,0
20,2026-05-21 07:35:00,6th,0,0,0
20,2026-05-21 07:35:00,7th,-1,1,0
21,2026-05-20 07:05:00,1st,3,3,6
21,2026-05-20 07:05:00,2nd,-1,1,0
21,2026-05-20 07:05:00,3rd,0,0,0
21,2026-05-20 07:05:00,4th,0,0,0
21,2026-05-20 07:05:00,5th,0,0,0
21,2026-05-20 07:05:00,6th,-1,2,1
21,2026-05-20 07:05:00,7th,0,0,0
22,2026-05-20 20:05:00,1st,2,2,4
22,2026-05-20 20:05:00,2nd,0,1,1
22,2026-05-20 20:05:00,3rd,1,1,2
22,2026-05-20 20:05:00,4th,0,0,0
22,2026-05-20 20:05:00,5th,1,2,3
22,2026-05-20 20:05:00,6th,0,0,0
22,2026-05-20 20:05:00,7th,-1,1,0
23,2026-05-20 13:35:00,1st,0,2,2
23,2026-05-20 13:35:00,2nd,0,0,0
23,2026-05-20 13:35:00,3rd,2,0,2
23,2026-05-20 13:35:00,4th,1,0,1
23,2026-05-20 13:35:00,5th,-1,1,0
23,2026-05-20 13:35:00,6th,0,0,0
23,2026-05-20 13:35:00,7th,0,0,0
24,2026-05-20 13:05:00,1st,1,0,1
24,2026-05-20 13:05:00,2nd,1,0,1
24,2026-05-20 13:05:00,3rd,1,0,1
24,2026-05-20 13:05:00,4th,0,0,0
24,2026-05-20 13:05:00,5th,0,0,0
24,2026-05-20 13:05:00,6th,0,0,0
24,2026-05-20 13:05:00,7th,-1,2,1
25,2026-05-20 12:50:00,1st,-2,3,1
25,2026-05-20 12:50:00,2nd,0,0,0
25,2026-05-20 12:50:00,3rd,0,0,0
25,2026-05-20 12:50:00,4th,0,0,0
25,2026-05-20 12:50:00,5th,-1,1,0
25,2026-05-20 12:50:00,6th,0,0,0
25,2026-05-20 12:50:00,7th,0,0,0
26,2026-05-21 05:50:00,1st,-1,1,0
26,2026-05-21 05:50:00,2nd,1,0,1
26,2026-05-21 05:50:00,3rd,0,1,1
26,2026-05-21 05:50:00,4th,0,0,0
26,2026-05-21 05:50:00,5th,0,0,0
26,2026-05-21 05:50:00,6th,0,0,0
26,2026-05-21 05:50:00,7th,0,0,0
27,2026-05-21 04:50:00,1st,0,0,0
27,2026-05-21 04:50:00,2nd,-1,1,0
27,2026-05-21 04:50:00,3rd,0,0,0
27,2026-05-21 04:50:00,4th,0,0,0
27,2026-05-21 04:50:00,5th,0,0,0
27,2026-05-21 04:50:00,6th,-1,1,0
27,2026-05-21 04:50:00,7th,0,0,0
28,2026-05-20 12:05:00,1st,0,2,2
28,2026-05-20 12:05:00,2nd,1,1,2
28,2026-05-20 12:05:00,3rd,-1,1,0
28,2026-05-20 12:05:00,4th,0,1,1
28,2026-05-20 12:05:00,5th,1,0,1
28,2026-05-20 12:05:00,6th,0,1,1
28,2026-05-20 12:05:00,7th,1,0,1
29,2026-05-20 17:20:00,1st,-1,2,1
29,2026-05-20 17:20:00,2nd,0,0,0
29,2026-05-20 17:20:00,3rd,-1,1,0
29,2026-05-20 17:20:00,4th,0,0,0
29,2026-05-20 17:20:00,5th,0,0,0
29,2026-05-20 17:20:00,6th,0,0,0
29,2026-05-20 17:20:00,7th,1,1,2
30,2026-05-21 02:35:00,1st,0,0,0
30,2026-05-21 02:35:00,2nd,0,0,0
30,2026-05-21 02:35:00,3rd,0,0,0
30,2026-05-21 02:35:00,4th,0,0,0
30,2026-05-21 02:35:00,5th,0,1,1
30,2026-05-21 02:35:00,6th,0,2,2
30,2026-05-21 02:35:00,7th,0,0,0
31,2026-05-20 10:20:00,1st,-1,1,0
31,2026-05-20 10:20:00,2nd,0,0,0
31,2026-05-20 10:20:00,3rd,-1,1,0
31,2026-05-20 10:20:00,4th,0,0,0
31,2026-05-20 10:20:00,5th,0,0,0
31,2026-05-20 10:20:00,6th,0,1,1
31,2026-05-20 10:20:00,7th,2,0,2
32,2026-05-20 23:20:00,1st,-2,4,2
32,2026-05-20 23:20:00,2nd,0,1,1
32,2026-05-20 23:20:00,3rd,0,0,0
32,2026-05-20 23:20:00,4th,0,0,0
32,2026-05-20 23:20:00,5th,0,0,0
32,2026-05-20 23:20:00,6th,0,0,0
32,2026-05-20 23:20:00,7th,1,0,1
33,2026-05-20 18:05:00,1st,1,1,2
33,2026-05-20 18:05:00,2nd,0,0,0
33,2026-05-20 18:05:00,3rd,0,0,0
33,2026-05-20 18:05:00,4th,0,0,0
33,2026-05-20 18:05:00,5th,0,0,0
33,2026-05-20 18:05:00,6th,-1,1,0
33,2026-05-20 18:05:00,7th,-1,1,0
34,2026-05-21 08:50:00,1st,0,0,0
34,2026-05-21 08:50:00,2nd,-1,1,0
34,2026-05-21 08:50:00,3rd,-1,2,1
34,2026-05-21 08:50:00,4th,0,0,0
34,2026-05-21 08:50:00,5th,0,0,0
34,2026-05-21 08:50:00,6th,-1,1,0
34,2026-05-21 08:50:00,7th,0,0,0
35,2026-05-21 02:35:00,1st,0,0,0
35,2026-05-21 02:35:00,2nd,0,0,0
35,2026-05-21 02:35:00,3rd,0,0,0
35,2026-05-21 02:35:00,4th,0,0,0
35,2026-05-21 02:35:00,5th,0,1,1
35,2026-05-21 02:35:00,6th,0,2,2
35,2026-05-21 02:35:00,7th,0,0,0
36,2026-05-20 12:35:00,1st,2,2,4
36,2026-05-20 12:35:00,2nd,-1,1,0
36,2026-05-20 12:35:00,3rd,0,0,0
36,2026-05-20 12:35:00,4th,0,0,0
36,2026-05-20 12:35:00,5th,1,0,1
36,2026-05-20 12:35:00,6th,0,1,1
36,2026-05-20 12:35:00,7th,-1,1,0
37,2026-05-21 06:05:00,1st,1,0,1
37,2026-05-21 06:05:00,2nd,0,0,0
37,2026-05-21 06:05:00,3rd,0,0,0
37,2026-05-21 06:05:00,4th,0,0,0
37,2026-05-21 06:05:00,5th,0,0,0
37,2026-05-21 06:05:00,6th,0,0,0
37,2026-05-21 06:05:00,7th,0,1,1
38,2026-05-21 05:05:00,1st,1,1,2
38,2026-05-21 05:05:00,2nd,0,0,0
38,2026-05-21 05:05:00,3rd,-1,2,1
38,2026-05-21 05:05:00,4th,0,0,0
38,2026-05-21 05:05:00,5th,0,0,0
38,2026-05-21 05:05:00,6th,1,0,1
38,2026-05-21 05:05:00,7th,1,0,1
39,2026-05-20 12:05:00,1st,0,2,2
39,2026-05-20 12:05:00,2nd,1,1,2
39,2026-05-20 12:05:00,3rd,-1,1,0
39,2026-05-20 12:05:00,4th,0,1,1
39,2026-05-20 12:05:00,5th,1,0,1
39,2026-05-20 12:05:00,6th,0,1,1
39,2026-05-20 12:05:00,7th,1,0,1
40,2026-05-20 20:20:00,1st,0,2,2
40,2026-05-20 20:20:00,2nd,0,0,0
40,2026-05-20 20:20:00,3rd,0,1,1
40,2026-05-20 20:20:00,4th,0,0,0
40,2026-05-20 20:20:00,5th,2,0,2
40,2026-05-20 20:20:00,6th,2,2,4
40,2026-05-20 20:20:00,7th,0,0,0
41,2026-05-21 04:50:00,1st,0,0,0
41,2026-05-21 04:50:00,2nd,-1,1,0
41,2026-05-21 04:50:00,3rd,0,0,0
41,2026-05-21 04:50:00,4th,0,0,0
41,2026-05-21 04:50:00,5th,0,0,0
41,2026-05-21 04:50:00,6th,-1,1,0
41,2026-05-21 04:50:00,7th,0,0,0
42,2026-05-20 12:35:00,1st,2,2,4
42,2026-05-20 12:35:00,2nd,-1,1,0
42,2026-05-20 12:35:00,3rd,0,0,0
42,2026-05-20 12:35:00,4th,0,0,0
42,2026-05-20 12:35:00,5th,1,0,1
42,2026-05-20 12:35:00,6th,0,1,1
42,2026-05-20 12:35:00,7th,-1,1,0
43,2026-05-20 13:05:00,1st,1,0,1
43,2026-05-20 13:05:00,2nd,1,0,1
43,2026-05-20 13:05:00,3rd,1,0,1
43,2026-05-20 13:05:00,4th,0,0,0
43,2026-05-20 13:05:00,5th,0,0,0
43,2026-05-20 13:05:00,6th,0,0,0
43,2026-05-20 13:05:00,7th,-1,2,1
44,2026-05-20 10:50:00,1st,-1,1,0
44,2026-05-20 10:50:00,2nd,0,0,0
44,2026-05-20 10:50:00,3rd,0,0,0
44,2026-05-20 10:50:00,4th,0,0,0
44,2026-05-20 10:50:00,5th,0,0,0
44,2026-05-20 10:50:00,6th,0,1,1
44,2026-05-20 10:50:00,7th,-1,1,0
45,2026-05-20 06:30:00,1st,0,0,0
45,2026-05-20 06:30:00,2nd,0,0,0
45,2026-05-20 06:30:00,3rd,0,0,0
45,2026-05-20 06:30:00,4th,0,0,0
45,2026-05-20 06:30:00,5th,0,0,0
45,2026-05-20 06:30:00,6th,0,0,0
45,2026-05-20 06:30:00,7th,1,0,1
46,2026-05-20 19:50:00,1st,0,1,1
46,2026-05-20 19:50:00,2nd,0,0,0
46,2026-05-20 19:50:00,3rd,0,0,0
46,2026-05-20 19:50:00,4th,0,0,0
46,2026-05-20 19:50:00,5th,-1,2,1
46,2026-05-20 19:50:00,6th,-1,1,0
46,2026-05-20 19:50:00,7th,0,0,0
47,2026-05-20 06:50:00,1st,0,0,0
47,2026-05-20 06:50:00,2nd,-1,1,0
47,2026-05-20 06:50:00,3rd,0,0,0
47,2026-05-20 06:50:00,4th,0,0,0
47,2026-05-20 06:50:00,5th,0,0,0
47,2026-05-20 06:50:00,6th,-2,2,0
47,2026-05-20 06:50:00,7th,-1,1,0
48,2026-05-20 22:05:00,1st,-3,3,0
48,2026-05-20 22:05:00,2nd,2,0,2
48,2026-05-20 22:05:00,3rd,0,1,1
48,2026-05-20 22:05:00,4th,0,0,0
48,2026-05-20 22:05:00,5th,0,0,0
48,2026-05-20 22:05:00,6th,0,0,0
48,2026-05-20 22:05:00,7th,1,3,4
49,2026-05-20 17:35:00,1st,0,2,2
49,2026-05-20 17:35:00,2nd,0,0,0
49,2026-05-20 17:35:00,3rd,0,1,1
49,2026-05-20 17:35:00,4th,0,0,0
49,2026-05-20 17:35:00,5th,0,0,0
49,2026-05-20 17:35:00,6th,-1,1,0
49,2026-05-20 17:35:00,7th,1,0,1
50,2026-05-20 11:20:00,1st,-4,4,0
50,2026-05-20 11:20:00,2nd,1,0,1
50,2026-05-20 11:20:00,3rd,0,0,0
50,2026-05-20 11:20:00,4th,0,0,0
50,2026-05-20 11:20:00,5th,0,0,0
50,2026-05-20 11:20:00,6th,0,1,1
50,2026-05-20 11:20:00,7th,0,0,0
51,2026-05-20 16:05:00,1st,0,3,3
51,2026-05-20 16:05:00,2nd,0,0,0
51,2026-05-20 16:05:00,3rd,0,0,0
51,2026-05-20 16:05:00,4th,0,0,0
51,2026-05-20 16:05:00,5th,1,0,1
51,2026-05-20 16:05:00,6th,0,0,0
51,2026-05-20 16:05:00,7th,2,0,2
52,2026-05-20 06:50:00,1st,0,0,0
52,2026-05-20 06:50:00,2nd,-1,1,0
52,2026-05-20 06:50:00,3rd,0,0,0
52,2026-05-20 06:50:00,4th,0,0,0
52,2026-05-20 06:50:00,5th,0,0,0
52,2026-05-20 06:50:00,6th,-2,2,0
52,2026-05-20 06:50:00,7th,-1,1,0
53,2026-05-20 10:20:00,1st,-1,1,0
53,2026-05-20 10:20:00,2nd,0,0,0
53,2026-05-20 10:20:00,3rd,-1,1,0
53,2026-05-20 10:20:00,4th,0,0,0
53,2026-05-20 10:20:00,5th,0,0,0
53,2026-05-20 10:20:00,6th,0,1,1
53,2026-05-20 10:20:00,7th,2,0,2
54,2026-05-20 19:05:00,1st,-1,2,1
54,2026-05-20 19:05:00,2nd,-1,1,0
54,2026-05-20 19:05:00,3rd,0,0,0
54,2026-05-20 19:05:00,4th,0,0,0
54,2026-05-20 19:05:00,5th,0,0,0
54,2026-05-20 19:05:00,6th,1,0,1
54,2026-05-20 19:05:00,7th,-1,1,0
55,2026-05-20 08:35:00,1st,1,1,2
55,2026-05-20 08:35:00,2nd,0,0,0
55,2026-05-20 08:35:00,3rd,1,0,1
55,2026-05-20 08:35:00,4th,0,0,0
55,2026-05-20 08:35:00,5th,0,0,0
55,2026-05-20 08:35:00,6th,0,0,0
55,2026-05-20 08:35:00,7th,0,0,0
56,2026-05-21 01:50:00,1st,0,0,0
56,2026-05-21 01:50:00,2nd,0,0,0
56,2026-05-21 01:50:00,3rd,0,0,0
56,2026-05-21 01:50:00,4th,0,0,0
56,2026-05-21 01:50:00,5th,0,0,0
56,2026-05-21 01:50:00,6th,0,0,0
56,2026-05-21 01:50:00,7th,0,1,1
57,2026-05-20 13:20:00,1st,-1,1,0
57,2026-05-20 13:20:00,2nd,0,0,0
57,2026-05-20 13:20:00,3rd,-2,2,0
57,2026-05-20 13:20:00,4th,0,0,0
57,2026-05-20 13:20:00,5th,0,0,0
57,2026-05-20 13:20:00,6th,-1,1,0
57,2026-05-20 13:20:00,7th,0,0,0
58,2026-05-21 08:35:00,1st,0,1,1
58,2026-05-21 08:35:00,2nd,0,1,1
58,2026-05-21 08:35:00,3rd,0,0,0
58,2026-05-21 08:35:00,4th,0,0,0
58,2026-05-21 08:35:00,5th,0,0,0
58,2026-05-21 08:35:00,6th,0,0,0
58,2026-05-21 08:35:00,7th,0,0,0
59,2026-05-20 11:05:00,1st,1,5,6
59,2026-05-20 11:05:00,2nd,-1,1,0
59,2026-05-20 11:05:00,3rd,0,0,0
59,2026-05-20 11:05:00,4th,0,0,0
59,2026-05-20 11:05:00,5th,0,0,0
59,2026-05-20 11:05:00,6th,1,1,2
59,2026-05-20 11:05:00,7th,0,0,0
60,2026-05-20 23:05:00,1st,-1,3,2
60,2026-05-20 23:05:00,2nd,3,0,3
60,2026-05-20 23:05:00,3rd,-1,1,0
60,2026-05-20 23:05:00,4th,0,0,0
60,2026-05-20 23:05:00,5th,0,0,0
60,2026-05-20 23:05:00,6th,2,0,2
60,2026-05-20 23:05:00,7th,0,2,2
61,2026-05-20 20:20:00,1st,0,2,2
61,2026-05-20 20:20:00,2nd,0,0,0
61,2026-05-20 20:20:00,3rd,0,1,1
61,2026-05-20 20:20:00,4th,0,0,0
61,2026-05-20 20:20:00,5th,2,0,2
61,2026-05-20 20:20:00,6th,2,2,4
61,2026-05-20 20:20:00,7th,0,0,0
62,2026-05-21 08:35:00,1st,0,1,1
62,2026-05-21 08:35:00,2nd,0,1,1
62,2026-05-21 08:35:00,3rd,0,0,0
62,2026-05-21 08:35:00,4th,0,0,0
62,2026-05-21 08:35:00,5th,0,0,0
62,2026-05-21 08:35:00,6th,0,0,0
62,2026-05-21 08:35:00,7th,0,0,0
63,2026-05-20 23:05:00,1st,-1,3,2
63,2026-05-20 23:05:00,2nd,3,0,3
63,2026-05-20 23:05:00,3rd,-1,1,0
63,2026-05-20 23:05:00,4th,0,0,0
63,2026-05-20 23:05:00,5th,0,0,0
63,2026-05-20 23:05:00,6th,2,0,2
63,2026-05-20 23:05:00,7th,0,2,2
64,2026-05-21 06:50:00,1st,1,0,1
64,2026-05-21 06:50:00,2nd,0,0,0
64,2026-05-21 06:50:00,3rd,0,2,2
64,2026-05-21 06:50:00,4th,0,0,0
64,2026-05-21 06:50:00,5th,0,0,0
64,2026-05-21 06:50:00,6th,0,0,0
64,2026-05-21 06:50:00,7th,0,0,0
65,2026-05-20 18:50:00,1st,1,0,1
65,2026-05-20 18:50:00,2nd,0,1,1
65,2026-05-20 18:50:00,3rd,2,0,2
65,2026-05-20 18:50:00,4th,0,0,0
65,2026-05-20 18:50:00,5th,0,0,0
65,2026-05-20 18:50:00,6th,0,1,1
65,2026-05-20 18:50:00,7th,0,0,0
66,2026-05-20 12:20:00,1st,0,0,0
66,2026-05-20 12:20:00,2nd,-1,1,0
66,2026-05-20 12:20:00,3rd,0,0,0
66,2026-05-20 12:20:00,4th,1,0,1
66,2026-05-20 12:20:00,5th,0,0,0
66,2026-05-20 12:20:00,6th,1,1,2
66,2026-05-20 12:20:00,7th,0,0,0
67,2026-05-20 11:35:00,1st,2,2,4
67,2026-05-20 11:35:00,2nd,0,0,0
67,2026-05-20 11:35:00,3rd,0,2,2
67,2026-05-20 11:35:00,4th,0,0,0
67,2026-05-20 11:35:00,5th,0,0,0
67,2026-05-20 11:35:00,6th,1,0,1
67,2026-05-20 11:35:00,7th,-1,2,1
68,2026-05-21 06:50:00,1st,1,0,1
68,2026-05-21 06:50:00,2nd,0,0,0
68,2026-05-21 06:50:00,3rd,0,2,2
68,2026-05-21 06:50:00,4th,0,0,0
68,2026-05-21 06:50:00,5th,0,0,0
68,2026-05-21 06:50:00,6th,0,0,0
68,2026-05-21 06:50:00,7th,0,0,0
69,2026-05-20 11:50:00,1st,-2,2,0
69,2026-05-20 11:50:00,2nd,-1,1,0
69,2026-05-20 11:50:00,3rd,0,0,0
69,2026-05-20 11:50:00,4th,0,0,0
69,2026-05-20 11:50:00,5th,-1,1,0
69,2026-05-20 11:50:00,6th,-1,1,0
69,2026-05-20 11:50:00,7th,-1,1,0
70,2026-05-21 02:05:00,1st,0,0,0
70,2026-05-21 02:05:00,2nd,0,1,1
70,2026-05-21 02:05:00,3rd,0,0,0
70,2026-05-21 02:05:00,4th,0,0,0
70,2026-05-21 02:05:00,5th,0,0,0
70,2026-05-21 02:05:00,6th,0,0,0
70,2026-05-21 02:05:00,7th,0,0,0
71,2026-05-20 20:35:00,1st,0,0,0
71,2026-05-20 20:35:00,2nd,-1,1,0
71,2026-05-20 20:35:00,3rd,0,1,1
71,2026-05-20 20:35:00,4th,0,0,0
71,2026-05-20 20:35:00,5th,0,0,0
71,2026-05-20 20:35:00,6th,1,3,4
71,2026-05-20 20:35:00,7th,0,0,0
72,2026-05-20 13:50:00,1st,0,2,2
72,2026-05-20 13:50:00,2nd,-1,1,0
72,2026-05-20 13:50:00,3rd,0,0,0
72,2026-05-20 13:50:00,4th,0,0,0
72,2026-05-20 13:50:00,5th,0,0,0
72,2026-05-20 13:50:00,6th,1,3,4
72,2026-05-20 13:50:00,7th,3,0,3
73,2026-05-20 17:20:00,1st,-1,2,1
73,2026-05-20 17:20:00,2nd,0,0,0
73,2026-05-20 17:20:00,3rd,-1,1,0
73,2026-05-20 17:20:00,4th,0,0,0
73,2026-05-20 17:20:00,5th,0,0,0
73,2026-05-20 17:20:00,6th,0,0,0
73,2026-05-20 17:20:00,7th,1,1,2
74,2026-05-21 05:05:00,1st,1,1,2
74,2026-05-21 05:05:00,2nd,0,0,0
74,2026-05-21 05:05:00,3rd,-1,2,1
74,2026-05-21 05:05:00,4th,0,0,0
74,2026-05-21 05:05:00,5th,0,0,0
74,2026-05-21 05:05:00,6th,1,0,1
74,2026-05-21 05:05:00,7th,1,0,1
75,2026-05-20 18:35:00,1st,-4,6,2
75,2026-05-20 18:35:00,2nd,0,0,0
75,2026-05-20 18:35:00,3rd,0,0,0
75,2026-05-20 18:35:00,4th,0,0,0
75,2026-05-20 18:35:00,5th,0,0,0
75,2026-05-20 18:35:00,6th,0,0,0
75,2026-05-20 18:35:00,7th,0,0,0
76,2026-05-21 06:50:00,1st,1,0,1
76,2026-05-21 06:50:00,2nd,0,0,0
76,2026-05-21 06:50:00,3rd,0,2,2
76,2026-05-21 06:50:00,4th,0,0,0
76,2026-05-21 06:50:00,5th,0,0,0
76,2026-05-21 06:50:00,6th,0,0,0
76,2026-05-21 06:50:00,7th,0,0,0
77,2026-05-21 09:20:00,1st,2,0,2
77,2026-05-21 09:20:00,2nd,0,1,1
77,2026-05-21 09:20:00,3rd,0,0,0
77,2026-05-21 09:20:00,4th,0,0,0
77,2026-05-21 09:20:00,5th,0,0,0
77,2026-05-21 09:20:00,6th,0,0,0
77,2026-05-21 09:20:00,7th,0,0,0
78,2026-05-20 14:35:00,1st,-2,2,0
78,2026-05-20 14:35:00,2nd,0,1,1
78,2026-05-20 14:35:00,3rd,1,0,1
78,2026-05-20 14:35:00,4th,0,0,0
78,2026-05-20 14:35:00,5th,1,0,1
78,2026-05-20 14:35:00,6th,-1,2,1
78,2026-05-20 14:35:00,7th,1,0,1
79,2026-05-20 20:35:00,1st,0,0,0
79,2026-05-20 20:35:00,2nd,-1,1,0
79,2026-05-20 20:35:00,3rd,0,1,1
79,2026-05-20 20:35:00,4th,0,0,0
79,2026-05-20 20:35:00,5th,0,0,0
79,2026-05-20 20:35:00,6th,1,3,4
79,2026-05-20 20:35:00,7th,0,0,0
80,2026-05-20 20:35:00,1st,0,0,0
80,2026-05-20 20:35:00,2nd,-1,1,0
80,2026-05-20 20:35:00,3rd,0,1,1
80,2026-05-20 20:35:00,4th,0,0,0
80,2026-05-20 20:35:00,5th,0,0,0
80,2026-05-20 20:35:00,6th,1,3,4
80,2026-05-20 20:35:00,7th,0,0,0
81,2026-05-20 21:05:00,1st,-4,4,0
81,2026-05-20 21:05:00,2nd,1,0,1
81,2026-05-20 21:05:00,3rd,2,0,2
81,2026-05-20 21:05:00,4th,0,0,0
81,2026-05-20 21:05:00,5th,0,0,0
81,2026-05-20 21:05:00,6th,0,1,1
81,2026-05-20 21:05:00,7th,-1,2,1
82,2026-05-20 08:20:00,1st,0,1,1
82,2026-05-20 08:20:00,2nd,0,0,0
82,2026-05-20 08:20:00,3rd,-1,1,0
82,2026-05-20 08:20:00,4th,0,0,0
82,2026-05-20 08:20:00,5th,0,0,0
82,2026-05-20 08:20:00,6th,0,0,0
82,2026-05-20 08:20:00,7th,0,0,0
83,2026-05-20 16:20:00,1st,0,2,2
83,2026-05-20 16:20:00,2nd,0,0,0
83,2026-05-20 16:20:00,3rd,-1,1,0
83,2026-05-20 16:20:00,4th,0,0,0
83,2026-05-20 16:20:00,5th,0,0,0
83,2026-05-20 16:20:00,6th,0,1,1
83,2026-05-20 16:20:00,7th,0,0,0
84,2026-05-20 22:05:00,1st,-3,3,0
84,2026-05-20 22:05:00,2nd,2,0,2
84,2026-05-20 22:05:00,3rd,0,1,1
84,2026-05-20 22:05:00,4th,0,0,0
84,2026-05-20 22:05:00,5th,0,0,0
84,2026-05-20 22:05:00,6th,0,0,0
84,2026-05-20 22:05:00,7th,1,3,4
85,2026-05-21 08:35:00,1st,0,1,1
85,2026-05-21 08:35:00,2nd,0,1,1
85,2026-05-21 08:35:00,3rd,0,0,0
85,2026-05-21 08:35:00,4th,0,0,0
85,2026-05-21 08:35:00,5th,0,0,0
85,2026-05-21 08:35:00,6th,0,0,0
85,2026-05-21 08:35:00,7th,0,0,0
86,2026-05-20 12:50:00,1st,-2,3,1
86,2026-05-20 12:50:00,2nd,0,0,0
86,2026-05-20 12:50:00,3rd,0,0,0
86,2026-05-20 12:50:00,4th,0,0,0
86,2026-05-20 12:50:00,5th,-1,1,0
86,2026-05-20 12:50:00,6th,0,0,0
86,2026-05-20 12:50:00,7th,0,0,0
87,2026-05-20 23:35:00,1st,3,3,6
87,2026-05-20 23:35:00,2nd,0,0,0
87,2026-05-20 23:35:00,3rd,1,0,1
87,2026-05-20 23:35:00,4th,0,0,0
87,2026-05-20 23:35:00,5th,0,0,0
87,2026-05-20 23:35:00,6th,1,0,1
87,2026-05-20 23:35:00,7th,-1,1,0
88,2026-05-21 03:05:00,1st,0,0,0
88,2026-05-21 03:05:00,2nd,0,0,0
88,2026-05-21 03:05:00,3rd,0,0,0
88,2026-05-21 03:05:00,4th,1,0,1
88,2026-05-21 03:05:00,5th,0,0,0
88,2026-05-21 03:05:00,6th,0,0,0
88,2026-05-21 03:05:00,7th,0,0,0
89,2026-05-21 08:35:00,1st,0,1,1
89,2026-05-21 08:35:00,2nd,0,1,1
89,2026-05-21 08:35:00,3rd,0,0,0
89,2026-05-21 08:35:00,4th,0,0,0
89,2026-05-21 08:35:00,5th,0,0,0
89,2026-05-21 08:35:00,6th,0,0,0
89,2026-05-21 08:35:00,7th,0,0,0
90,2026-05-20 11:05:00,1st,1,5,6
90,2026-05-20 11:05:00,2nd,-1,1,0
90,2026-05-20 11:05:00,3rd,0,0,0
90,2026-05-20 11:05:00,4th,0,0,0
90,2026-05-20 11:05:00,5th,0,0,0
90,2026-05-20 11:05:00,6th,1,1,2
90,2026-05-20 11:05:00,7th,0,0,0
91,2026-05-21 00:35:00,1st,-1,3,2
91,2026-05-21 00:35:00,2nd,0,0,0
91,2026-05-21 00:35:00,3rd,0,2,2
91,2026-05-21 00:35:00,4th,0,0,0
91,2026-05-21 00:35:00,5th,0,0,0
91,2026-05-21 00:35:00,6th,0,0,0
91,2026-05-21 00:35:00,7th,0,0,0
92,2026-05-20 14:50:00,1st,0,2,2
92,2026-05-20 14:50:00,2nd,1,0,1
92,2026-05-20 14:50:00,3rd,-1,1,0
92,2026-05-20 14:50:00,4th,0,0,0
92,2026-05-20 14:50:00,5th,0,0,0
92,2026-05-20 14:50:00,6th,1,0,1
92,2026-05-20 14:50:00,7th,0,0,0
93,2026-05-20 18:20:00,1st,-1,2,1
93,2026-05-20 18:20:00,2nd,-1,1,0
93,2026-05-20 18:20:00,3rd,0,0,0
93,2026-05-20 18:20:00,4th,0,0,0
93,2026-05-20 18:20:00,5th,0,0,0
93,2026-05-20 18:20:00,6th,1,1,2
93,2026-05-20 18:20:00,7th,0,0,0
94,2026-05-20 06:50:00,1st,0,0,0
94,2026-05-20 06:50:00,2nd,-1,1,0
94,2026-05-20 06:50:00,3rd,0,0,0
94,2026-05-20 06:50:00,4th,0,0,0
94,2026-05-20 06:50:00,5th,0,0,0
94,2026-05-20 06:50:00,6th,-2,2,0
94,2026-05-20 06:50:00,7th,-1,1,0
95,2026-05-21 01:50:00,1st,0,0,0
95,2026-05-21 01:50:00,2nd,0,0,0
95,2026-05-21 01:50:00,3rd,0,0,0
95,2026-05-21 01:50:00,4th,0,0,0
95,2026-05-21 01:50:00,5th,0,0,0
95,2026-05-21 01:50:00,6th,0,0,0
95,2026-05-21 01:50:00,7th,0,1,1
96,2026-05-20 07:20:00,1st,1,0,1
96,2026-05-20 07:20:00,2nd,1,0,1
96,2026-05-20 07:20:00,3rd,0,0,0
96,2026-05-20 07:20:00,4th,0,0,0
96,2026-05-20 07:20:00,5th,-1,1,0
96,2026-05-20 07:20:00,6th,1,0,1
96,2026-05-20 07:20:00,7th,1,0,1
97,2026-05-20 16:35:00,1st,-2,3,1
97,2026-05-20 16:35:00,2nd,0,0,0
97,2026-05-20 16:35:00,3rd,0,0,0
97,2026-05-20 16:35:00,4th,0,0,0
97,2026-05-20 16:35:00,5th,0,0,0
97,2026-05-20 16:35:00,6th,1,1,2
97,2026-05-20 16:35:00,7th,1,0,1
98,2026-05-20 19:50:00,1st,0,1,1
98,2026-05-20 19:50:00,2nd,0,0,0
98,2026-05-20 19:50:00,3rd,0,0,0
98,2026-05-20 19:50:00,4th,0,0,0
98,2026-05-20 19:50:00,5th,-1,2,1
98,2026-05-20 19:50:00,6th,-1,1,0
98,2026-05-20 19:50:00,7th,0,0,0
99,2026-05-21 00:20:00,1st,2,1,3
99,2026-05-21 00:20:00,2nd,0,0,0
99,2026-05-21 00:20:00,3rd,0,0,0
99,2026-05-21 00:20:00,4th,0,0,0
99,2026-05-21 00:20:00,5th,0,0,0
99,2026-05-21 00:20:00,6th,0,0,0
99,2026-05-21 00:20:00,7th,0,0,0
100,2026-05-20 19:05:00,1st,-1,2,1
100,2026-05-20 19:05:00,2nd,-1,1,0
100,2026-05-20 19:05:00,3rd,0,0,0
100,2026-05-20 19:05:00,4th,0,0,0
100,2026-05-20 19:05:00,5th,0,0,0
100,2026-05-20 19:05:00,6th,1,0,1
100,2026-05-20 19:05:00,7th,-1,1,0
101,2026-05-21 06:05:00,1st,1,0,1
101,2026-05-21 06:05:00,2nd,0,0,0
101,2026-05-21 06:05:00,3rd,0,0,0
101,2026-05-21 06:05:00,4th,0,0,0
101,2026-05-21 06:05:00,5th,0,0,0
101,2026-05-21 06:05:00,6th,0,0,0
101,2026-05-21 06:05:00,7th,0,1,1
102,2026-05-20 09:50:00,1st,-2,6,4
102,2026-05-20 09:50:00,2nd,0,0,0
102,2026-05-20 09:50:00,3rd,-1,1,0
102,2026-05-20 09:50:00,4th,0,0,0
102,2026-05-20 09:50:00,5th,0,0,0
102,2026-05-20 09:50:00,6th,0,0,0
102,2026-05-20 09:50:00,7th,0,0,0
103,2026-05-20 13:35:00,1st,0,2,2
103,2026-05-20 13:35:00,2nd,0,0,0
103,2026-05-20 13:35:00,3rd,2,0,2
103,2026-05-20 13:35:00,4th,1,0,1
103,2026-05-20 13:35:00,5th,-1,1,0
103,2026-05-20 13:35:00,6th,0,0,0
103,2026-05-20 13:35:00,7th,0,0,0
104,2026-05-20 13:20:00,1st,-1,1,0
104,2026-05-20 13:20:00,2nd,0,0,0
104,2026-05-20 13:20:00,3rd,-2,2,0
104,2026-05-20 13:20:00,4th,0,0,0
104,2026-05-20 13:20:00,5th,0,0,0
104,2026-05-20 13:20:00,6th,-1,1,0
104,2026-05-20 13:20:00,7th,0,0,0
105,2026-05-20 16:35:00,1st,-2,3,1
105,2026-05-20 16:35:00,2nd,0,0,0
105,2026-05-20 16:35:00,3rd,0,0,0
105,2026-05-20 16:35:00,4th,0,0,0
105,2026-05-20 16:35:00,5th,0,0,0
105,2026-05-20 16:35:00,6th,1,1,2
105,2026-05-20 16:35:00,7th,1,0,1
106,2026-05-20 06:30:00,1st,0,0,0
106,2026-05-20 06:30:00,2nd,0,0,0
106,2026-05-20 06:30:00,3rd,0,0,0
106,2026-05-20 06:30:00,4th,0,0,0
106,2026-05-20 06:30:00,5th,0,0,0
106,2026-05-20 06:30:00,6th,0,0,0
106,2026-05-20 06:30:00,7th,1,0,1
107,2026-05-20 17:50:00,1st,1,0,1
107,2026-05-20 17:50:00,2nd,2,0,2
107,2026-05-20 17:50:00,3rd,0,0,0
107,2026-05-20 17:50:00,4th,0,0,0
107,2026-05-20 17:50:00,5th,0,0,0
107,2026-05-20 17:50:00,6th,1,0,1
107,2026-05-20 17:50:00,7th,0,0,0
108,2026-05-20 16:35:00,1st,-2,3,1
108,2026-05-20 16:35:00,2nd,0,0,0
108,2026-05-20 16:35:00,3rd,0,0,0
108,2026-05-20 16:35:00,4th,0,0,0
108,2026-05-20 16:35:00,5th,0,0,0
108,2026-05-20 16:35:00,6th,1,1,2
108,2026-05-20 16:35:00,7th,1,0,1
109,2026-05-20 22:05:00,1st,-3,3,0
109,2026-05-20 22:05:00,2nd,2,0,2
109,2026-05-20 22:05:00,3rd,0,1,1
109,2026-05-20 22:05:00,4th,0,0,0
109,2026-05-20 22:05:00,5th,0,0,0
109,2026-05-20 22:05:00,6th,0,0,0
109,2026-05-20 22:05:00,7th,1,3,4
110,2026-05-20 21:50:00,1st,-1,2,1
110,2026-05-20 21:50:00,2nd,0,0,0
110,2026-05-20 21:50:00,3rd,0,0,0
110,2026-05-20 21:50:00,4th,0,0,0
110,2026-05-20 21:50:00,5th,0,0,0
110,2026-05-20 21:50:00,6th,0,0,0
110,2026-05-20 21:50:00,7th,-1,2,1
111,2026-05-20 14:05:00,1st,0,3,3
111,2026-05-20 14:05:00,2nd,2,1,3
111,2026-05-20 14:05:00,3rd,-1,2,1
111,2026-05-20 14:05:00,4th,0,0,0
111,2026-05-20 14:05:00,5th,0,0,0
111,2026-05-20 14:05:00,6th,-1,1,0
111,2026-05-20 14:05:00,7th,1,0,1
112,2026-05-20 17:50:00,1st,1,0,1
112,2026-05-20 17:50:00,2nd,2,0,2
112,2026-05-20 17:50:00,3rd,0,0,0
112,2026-05-20 17:50:00,4th,0,0,0
112,2026-05-20 17:50:00,5th,0,0,0
112,2026-05-20 17:50:00,6th,1,0,1
112,2026-05-20 17:50:00,7th,0,0,0
113,2026-05-20 19:50:00,1st,0,1,1
113,2026-05-20 19:50:00,2nd,0,0,0
113,2026-05-20 19:50:00,3rd,0,0,0
113,2026-05-20 19:50:00,4th,0,0,0
113,2026-05-20 19:50:00,5th,-1,2,1
113,2026-05-20 19:50:00,6th,-1,1,0
113,2026-05-20 19:50:00,7th,0,0,0
114,2026-05-21 06:05:00,1st,1,0,1
114,2026-05-21 06:05:00,2nd,0,0,0
114,2026-05-21 06:05:00,3rd,0,0,0
114,2026-05-21 06:05:00,4th,0,0,0
114,2026-05-21 06:05:00,5th,0,0,0
114,2026-05-21 06:05:00,6th,0,0,0
114,2026-05-21 06:05:00,7th,0,1,1
115,2026-05-20 08:35:00,1st,1,1,2
115,2026-05-20 08:35:00,2nd,0,0,0
115,2026-05-20 08:35:00,3rd,1,0,1
115,2026-05-20 08:35:00,4th,0,0,0
115,2026-05-20 08:35:00,5th,0,0,0
115,2026-05-20 08:35:00,6th,0,0,0
115,2026-05-20 08:35:00,7th,0,0,0
116,2026-05-20 22:50:00,1st,-2,3,1
116,2026-05-20 22:50:00,2nd,-1,2,1
116,2026-05-20 22:50:00,3rd,1,0,1
116,2026-05-20 22:50:00,4th,0,0,0
116,2026-05-20 22:50:00,5th,0,0,0
116,2026-05-20 22:50:00,6th,0,1,1
116,2026-05-20 22:50:00,7th,0,0,0
117,2026-05-20 08:35:00,1st,1,1,2
117,2026-05-20 08:35:00,2nd,0,0,0
117,2026-05-20 08:35:00,3rd,1,0,1
117,2026-05-20 08:35:00,4th,0,0,0
117,2026-05-20 08:35:00,5th,0,0,0
117,2026-05-20 08:35:00,6th,0,0,0
117,2026-05-20 08:35:00,7th,0,0,0
118,2026-05-20 13:35:00,1st,0,2,2
118,2026-05-20 13:35:00,2nd,0,0,0
118,2026-05-20 13:35:00,3rd,2,0,2
118,2026-05-20 13:35:00,4th,1,0,1
118,2026-05-20 13:35:00,5th,-1,1,0
118,2026-05-20 13:35:00,6th,0,0,0
118,2026-05-20 13:35:00,7th,0,0,0
119,2026-05-20 18:20:00,1st,-1,2,1
119,2026-05-20 18:20:00,2nd,-1,1,0
119,2026-05-20 18:20:00,3rd,0,0,0
119,2026-05-20 18:20:00,4th,0,0,0
119,2026-05-20 18:20:00,5th,0,0,0
119,2026-05-20 18:20:00,6th,1,1,2
119,2026-05-20 18:20:00,7th,0,0,0
120,2026-05-21 05:20:00,1st,1,0,1
120,2026-05-21 05:20:00,2nd,0,0,0
120,2026-05-21 05:20:00,3rd,0,0,0
120,2026-05-21 05:20:00,4th,0,0,0
120,2026-05-21 05:20:00,5th,0,0,0
120,2026-05-21 05:20:00,6th,0,1,1
120,2026-05-21 05:20:00,7th,0,0,0
121,2026-05-20 15:35:00,1st,4,0,4
121,2026-05-20 15:35:00,2nd,-1,1,0
121,2026-05-20 15:35:00,3rd,0,0,0
121,2026-05-20 15:35:00,4th,0,0,0
121,2026-05-20 15:35:00,5th,0,0,0
121,2026-05-20 15:35:00,6th,0,0,0
121,2026-05-20 15:35:00,7th,0,0,0
122,2026-05-20 19:50:00,1st,0,1,1
122,2026-05-20 19:50:00,2nd,0,0,0
122,2026-05-20 19:50:00,3rd,0,0,0
122,2026-05-20 19:50:00,4th,0,0,0
122,2026-05-20 19:50:00,5th,-1,2,1
122,2026-05-20 19:50:00,6th,-1,1,0
122,2026-05-20 19:50:00,7th,0,0,0
123,2026-05-20 21:50:00,1st,-1,2,1
123,2026-05-20 21:50:00,2nd,0,0,0
123,2026-05-20 21:50:00,3rd,0,0,0
123,2026-05-20 21:50:00,4th,0,0,0
123,2026-05-20 21:50:00,5th,0,0,0
123,2026-05-20 21:50:00,6th,0,0,0
123,2026-05-20 21:50:00,7th,-1,2,1
124,2026-05-21 03:05:00,1st,0,0,0
124,2026-05-21 03:05:00,2nd,0,0,0
124,2026-05-21 03:05:00,3rd,0,0,0
124,2026-05-21 03:05:00,4th,1,0,1
124,2026-05-21 03:05:00,5th,0,0,0
124,2026-05-21 03:05:00,6th,0,0,0
124,2026-05-21 03:05:00,7th,0,0,0
125,2026-05-20 17:05:00,1st,1,0,1
125,2026-05-20 17:05:00,2nd,-1,1,0
125,2026-05-20 17:05:00,3rd,-1,1,0
125,2026-05-20 17:05:00,4th,0,0,0
125,2026-05-20 17:05:00,5th,0,0,0
125,2026-05-20 17:05:00,6th,1,0,1
125,2026-05-20 17:05:00,7th,0,0,0
126,2026-05-20 21:35:00,1st,0,1,1
126,2026-05-20 21:35:00,2nd,0,0,0
126,2026-05-20 21:35:00,3rd,0,1,1
126,2026-05-20 21:35:00,4th,0,0,0
126,2026-05-20 21:35:00,5th,1,0,1
126,2026-05-20 21:35:00,6th,0,0,0
126,2026-05-20 21:35:00,7th,-1,2,1
127,2026-05-21 06:05:00,1st,1,0,1
127,2026-05-21 06:05:00,2nd,0,0,0
127,2026-05-21 06:05:00,3rd,0,0,0
127,2026-05-21 06:05:00,4th,0,0,0
127,2026-05-21 06:05:00,5th,0,0,0
127,2026-05-21 06:05:00,6th,0,0,0
127,2026-05-21 06:05:00,7th,0,1,1
128,2026-05-20 18:05:00,1st,1,1,2
128,2026-05-20 18:05:00,2nd,0,0,0
128,2026-05-20 18:05:00,3rd,0,0,0
128,2026-05-20 18:05:00,4th,0,0,0
128,2026-05-20 18:05:00,5th,0,0,0
128,2026-05-20 18:05:00,6th,-1,1,0
128,2026-05-20 18:05:00,7th,-1,1,0
129,2026-05-21 09:05:00,1st,-1,2,1
129,2026-05-21 09:05:00,2nd,0,0,0
129,2026-05-21 09:05:00,3rd,2,0,2
129,2026-05-21 09:05:00,4th,0,0,0
129,2026-05-21 09:05:00,5th,0,0,0
129,2026-05-21 09:05:00,6th,2,0,2
129,2026-05-21 09:05:00,7th,0,0,0
130,2026-05-20 17:05:00,1st,1,0,1
130,2026-05-20 17:05:00,2nd,-1,1,0
130,2026-05-20 17:05:00,3rd,-1,1,0
130,2026-05-20 17:05:00,4th,0,0,0
130,2026-05-20 17:05:00,5th,0,0,0
130,2026-05-20 17:05:00,6th,1,0,1
130,2026-05-20 17:05:00,7th,0,0,0
131,2026-05-20 18:05:00,1st,1,1,2
131,2026-05-20 18:05:00,2nd,0,0,0
131,2026-05-20 18:05:00,3rd,0,0,0
131,2026-05-20 18:05:00,4th,0,0,0
131,2026-05-20 18:05:00,5th,0,0,0
131,2026-05-20 18:05:00,6th,-1,1,0
131,2026-05-20 18:05:00,7th,-1,1,0
132,2026-05-20 07:05:00,1st,3,3,6
132,2026-05-20 07:05:00,2nd,-1,1,0
132,2026-05-20 07:05:00,3rd,0,0,0
132,2026-05-20 07:05:00,4th,0,0,0
132,2026-05-20 07:05:00,5th,0,0,0
132,2026-05-20 07:05:00,6th,-1,2,1
132,2026-05-20 07:05:00,7th,0,0,0
133,2026-05-20 20:50:00,1st,0,1,1
133,2026-05-20 20:50:00,2nd,0,0,0
133,2026-05-20 20:50:00,3rd,-1,1,0
133,2026-05-20 20:50:00,4th,-1,1,0
133,2026-05-20 20:50:00,5th,0,0,0
133,2026-05-20 20:50:00,6th,0,1,1
133,2026-05-20 20:50:00,7th,0,0,0
134,2026-05-20 19:05:00,1st,-1,2,1
134,2026-05-20 19:05:00,2nd,-1,1,0
134,2026-05-20 19:05:00,3rd,0,0,0
134,2026-05-20 19:05:00,4th,0,0,0
134,2026-05-20 19:05:00,5th,0,0,0
134,2026-05-20 19:05:00,6th,1,0,1
134,2026-05-20 19:05:00,7th,-1,1,0
135,2026-05-20 17:35:00,1st,0,2,2
135,2026-05-20 17:35:00,2nd,0,0,0
135,2026-05-20 17:35:00,3rd,0,1,1
135,2026-05-20 17:35:00,4th,0,0,0
135,2026-05-20 17:35:00,5th,0,0,0
135,2026-05-20 17:35:00,6th,-1,1,0
135,2026-05-20 17:35:00,7th,1,0,1
136,2026-05-20 23:05:00,1st,-1,3,2
136,2026-05-20 23:05:00,2nd,3,0,3
136,2026-05-20 23:05:00,3rd,-1,1,0
136,2026-05-20 23:05:00,4th,0,0,0
136,2026-05-20 23:05:00,5th,0,0,0
136,2026-05-20 23:05:00,6th,2,0,2
136,2026-05-20 23:05:00,7th,0,2,2
137,2026-05-20 21:05:00,1st,-4,4,0
137,2026-05-20 21:05:00,2nd,1,0,1
137,2026-05-20 21:05:00,3rd,2,0,2
137,2026-05-20 21:05:00,4th,0,0,0
137,2026-05-20 21:05:00,5th,0,0,0
137,2026-05-20 21:05:00,6th,0,1,1
137,2026-05-20 21:05:00,7th,-1,2,1
138,2026-05-21 09:20:00,1st,2,0,2
138,2026-05-21 09:20:00,2nd,0,1,1
138,2026-05-21 09:20:00,3rd,0,0,0
138,2026-05-21 09:20:00,4th,0,0,0
138,2026-05-21 09:20:00,5th,0,0,0
138,2026-05-21 09:20:00,6th,0,0,0
138,2026-05-21 09:20:00,7th,0,0,0
139,2026-05-20 17:20:00,1st,-1,2,1
139,2026-05-20 17:20:00,2nd,0,0,0
139,2026-05-20 17:20:00,3rd,-1,1,0
139,2026-05-20 17:20:00,4th,0,0,0
139,2026-05-20 17:20:00,5th,0,0,0
139,2026-05-20 17:20:00,6th,0,0,0
139,2026-05-20 17:20:00,7th,1,1,2
140,2026-05-20 18:05:00,1st,1,1,2
140,2026-05-20 18:05:00,2nd,0,0,0
140,2026-05-20 18:05:00,3rd,0,0,0
140,2026-05-20 18:05:00,4th,0,0,0
140,2026-05-20 18:05:00,5th,0,0,0
140,2026-05-20 18:05:00,6th,-1,1,0
140,2026-05-20 18:05:00,7th,-1,1,0
141,2026-05-21 05:20:00,1st,1,0,1
141,2026-05-21 05:20:00,2nd,0,0,0
141,2026-05-21 05:20:00,3rd,0,0,0
141,2026-05-21 05:20:00,4th,0,0,0
141,2026-05-21 05:20:00,5th,0,0,0
141,2026-05-21 05:20:00,6th,0,1,1
141,2026-05-21 05:20:00,7th,0,0,0
142,2026-05-20 19:20:00,1st,0,1,1
142,2026-05-20 19:20:00,2nd,0,0,0
142,2026-05-20 19:20:00,3rd,-1,1,0
142,2026-05-20 19:20:00,4th,0,0,0
142,2026-05-20 19:20:00,5th,0,0,0
142,2026-05-20 19:20:00,6th,0,0,0
142,2026-05-20 19:20:00,7th,1,1,2
143,2026-05-20 13:05:00,1st,1,0,1
143,2026-05-20 13:05:00,2nd,1,0,1
143,2026-05-20 13:05:00,3rd,1,0,1
143,2026-05-20 13:05:00,4th,0,0,0
143,2026-05-20 13:05:00,5th,0,0,0
143,2026-05-20 13:05:00,6th,0,0,0
143,2026-05-20 13:05:00,7th,-1,2,1
144,2026-05-20 20:20:00,1st,0,2,2
144,2026-05-20 20:20:00,2nd,0,0,0
144,2026-05-20 20:20:00,3rd,0,1,1
144,2026-05-20 20:20:00,4th,0,0,0
144,2026-05-20 20:20:00,5th,2,0,2
144,2026-05-20 20:20:00,6th,2,2,4
144,2026-05-20 20:20:00,7th,0,0,0
145,2026-05-20 20:05:00,1st,2,2,4
145,2026-05-20 20:05:00,2nd,0,1,1
145,2026-05-20 20:05:00,3rd,1,1,2
145,2026-05-20 20:05:00,4th,0,0,0
145,2026-05-20 20:05:00,5th,1,2,3
145,2026-05-20 20:05:00,6th,0,0,0
145,2026-05-20 20:05:00,7th,-1,1,0
146,2026-05-20 17:20:00,1st,-1,2,1
146,2026-05-20 17:20:00,2nd,0,0,0
146,2026-05-20 17:20:00,3rd,-1,1,0
146,2026-05-20 17:20:00,4th,0,0,0
146,2026-05-20 17:20:00,5th,0,0,0
146,2026-05-20 17:20:00,6th,0,0,0
146,2026-05-20 17:20:00,7th,1,1,2
147,2026-05-20 20:35:00,1st,0,0,0
147,2026-05-20 20:35:00,2nd,-1,1,0
147,2026-05-20 20:35:00,3rd,0,1,1
147,2026-05-20 20:35:00,4th,0,0,0
147,2026-05-20 20:35:00,5th,0,0,0
147,2026-05-20 20:35:00,6th,1,3,4
147,2026-05-20 20:35:00,7th,0,0,0
148,2026-05-20 21:50:00,1st,-1,2,1
148,2026-05-20 21:50:00,2nd,0,0,0
148,2026-05-20 21:50:00,3rd,0,0,0
148,2026-05-20 21:50:00,4th,0,0,0
148,2026-05-20 21:50:00,5th,0,0,0
148,2026-05-20 21:50:00,6th,0,0,0
148,2026-05-20 21:50:00,7th,-1,2,1
149,2026-05-21 09:50:00,1st,0,1,1
149,2026-05-21 09:50:00,2nd,1,1,2
149,2026-05-21 09:50:00,3rd,0,0,0
149,2026-05-21 09:50:00,4th,0,0,0
149,2026-05-21 09:50:00,5th,0,0,0
149,2026-05-21 09:50:00,6th,0,0,0
149,2026-05-21 09:50:00,7th,0,0,0
150,2026-05-20 08:20:00,1st,0,1,1
150,2026-05-20 08:20:00,2nd,0,0,0
150,2026-05-20 08:20:00,3rd,-1,1,0
150,2026-05-20 08:20:00,4th,0,0,0
150,2026-05-20 08:20:00,5th,0,0,0
150,2026-05-20 08:20:00,6th,0,0,0
150,2026-05-20 08:20:00,7th,0,0,0
151,2026-05-21 08:05:00,1st,1,1,2
151,2026-05-21 08:05:00,2nd,0,0,0
151,2026-05-21 08:05:00,3rd,0,0,0
151,2026-05-21 08:05:00,4th,0,0,0
151,2026-05-21 08:05:00,5th,0,0,0
151,2026-05-21 08:05:00,6th,0,1,1
151,2026-05-21 08:05:00,7th,0,1,1
152,2026-05-20 19:35:00,1st,-3,5,2
152,2026-05-20 19:35:00,2nd,0,0,0
152,2026-05-20 19:35:00,3rd,1,0,1
152,2026-05-20 19:35:00,4th,0,0,0
152,2026-05-20 19:35:00,5th,0,1,1
152,2026-05-20 19:35:00,6th,0,0,0
152,2026-05-20 19:35:00,7th,0,0,0
153,2026-05-20 16:35:00,1st,-2,3,1
153,2026-05-20 16:35:00,2nd,0,0,0
153,2026-05-20 16:35:00,3rd,0,0,0
153,2026-05-20 16:35:00,4th,0,0,0
153,2026-05-20 16:35:00,5th,0,0,0
153,2026-05-20 16:35:00,6th,1,1,2
153,2026-05-20 16:35:00,7th,1,0,1
154,2026-05-20 22:50:00,1st,-2,3,1
154,2026-05-20 22:50:00,2nd,-1,2,1
154,2026-05-20 22:50:00,3rd,1,0,1
154,2026-05-20 22:50:00,4th,0,0,0
154,2026-05-20 22:50:00,5th,0,0,0
154,2026-05-20 22:50:00,6th,0,1,1
154,2026-05-20 22:50:00,7th,0,0,0
155,2026-05-20 09:35:00,1st,0,1,1
155,2026-05-20 09:35:00,2nd,0,0,0
155,2026-05-20 09:35:00,3rd,0,0,0
155,2026-05-20 09:35:00,4th,0,0,0
155,2026-05-20 09:35:00,5th,0,0,0
155,2026-05-20 09:35:00,6th,2,0,2
155,2026-05-20 09:35:00,7th,0,0,0
156,2026-05-21 02:35:00,1st,0,0,0
156,2026-05-21 02:35:00,2nd,0,0,0
156,2026-05-21 02:35:00,3rd,0,0,0
156,2026-05-21 02:35:00,4th,0,0,0
156,2026-05-21 02:35:00,5th,0,1,1
156,2026-05-21 02:35:00,6th,0,2,2
156,2026-05-21 02:35:00,7th,0,0,0
157,2026-05-20 09:05:00,1st,1,0,1
157,2026-05-20 09:05:00,2nd,0,0,0
157,2026-05-20 09:05:00,3rd,0,0,0
157,2026-05-20 09:05:00,4th,0,0,0
157,2026-05-20 09:05:00,5th,0,0,0
157,2026-05-20 09:05:00,6th,1,0,1
157,2026-05-20 09:05:00,7th,0,1,1
158,2026-05-20 17:50:00,1st,1,0,1
158,2026-05-20 17:50:00,2nd,2,0,2
158,2026-05-20 17:50:00,3rd,0,0,0
158,2026-05-20 17:50:00,4th,0,0,0
158,2026-05-20 17:50:00,5th,0,0,0
158,2026-05-20 17:50:00,6th,1,0,1
158,2026-05-20 17:50:00,7th,0,0,0
159,2026-05-20 11:50:00,1st,-2,2,0
159,2026-05-20 11:50:00,2nd,-1,1,0
159,2026-05-20 11:50:00,3rd,0,0,0
159,2026-05-20 11:50:00,4th,0,0,0
159,2026-05-20 11:50:00,5th,-1,1,0
159,2026-05-20 11:50:00,6th,-1,1,0
159,2026-05-20 11:50:00,7th,-1,1,0
160,2026-05-20 14:35:00,1st,-2,2,0
160,2026-05-20 14:35:00,2nd,0,1,1
160,2026-05-20 14:35:00,3rd,1,0,1
160,2026-05-20 14:35:00,4th,0,0,0
160,2026-05-20 14:35:00,5th,1,0,1
160,2026-05-20 14:35:00,6th,-1,2,1
160,2026-05-20 14:35:00,7th,1,0,1
161,2026-05-20 19:05:00,1st,-1,2,1
161,2026-05-20 19:05:00,2nd,-1,1,0
161,2026-05-20 19:05:00,3rd,0,0,0
161,2026-05-20 19:05:00,4th,0,0,0
161,2026-05-20 19:05:00,5th,0,0,0
161,2026-05-20 19:05:00,6th,1,0,1
161,2026-05-20 19:05:00,7th,-1,1,0
162,2026-05-20 06:30:00,1st,0,0,0
162,2026-05-20 06:30:00,2nd,0,0,0
162,2026-05-20 06:30:00,3rd,0,0,0
162,2026-05-20 06:30:00,4th,0,0,0
162,2026-05-20 06:30:00,5th,0,0,0
162,2026-05-20 06:30:00,6th,0,0,0
162,2026-05-20 06:30:00,7th,1,0,1
163,2026-05-21 07:35:00,1st,0,1,1
163,2026-05-21 07:35:00,2nd,2,0,2
163,2026-05-21 07:35:00,3rd,0,0,0
163,2026-05-21 07:35:00,4th,0,0,0
163,2026-05-21 07:35:00,5th,0,0,0
163,2026-05-21 07:35:00,6th,0,0,0
163,2026-05-21 07:35:00,7th,-1,1,0
164,2026-05-21 02:50:00,1st,0,0,0
164,2026-05-21 02:50:00,2nd,0,0,0
164,2026-05-21 02:50:00,3rd,0,0,0
164,2026-05-21 02:50:00,4th,0,0,0
164,2026-05-21 02:50:00,5th,0,0,0
164,2026-05-21 02:50:00,6th,0,2,2
164,2026-05-21 02:50:00,7th,0,0,0
165,2026-05-21 09:35:00,1st,-1,1,0
165,2026-05-21 09:35:00,2nd,1,0,1
165,2026-05-21 09:35:00,3rd,0,0,0
165,2026-05-21 09:35:00,4th,0,0,0
165,2026-05-21 09:35:00,5th,0,0,0
165,2026-05-21 09:35:00,6th,0,0,0
165,2026-05-21 09:35:00,7th,0,0,0
166,2026-05-20 08:35:00,1st,1,1,2
166,2026-05-20 08:35:00,2nd,0,0,0
166,2026-05-20 08:35:00,3rd,1,0,1
166,2026-05-20 08:35:00,4th,0,0,0
166,2026-05-20 08:35:00,5th,0,0,0
166,2026-05-20 08:35:00,6th,0,0,0
166,2026-05-20 08:35:00,7th,0,0,0
167,2026-05-20 11:05:00,1st,1,5,6
167,2026-05-20 11:05:00,2nd,-1,1,0
167,2026-05-20 11:05:00,3rd,0,0,0
167,2026-05-20 11:05:00,4th,0,0,0
167,2026-05-20 11:05:00,5th,0,0,0
167,2026-05-20 11:05:00,6th,1,1,2
167,2026-05-20 11:05:00,7th,0,0,0
168,2026-05-20 19:35:00,1st,-3,5,2
168,2026-05-20 19:35:00,2nd,0,0,0
168,2026-05-20 19:35:00,3rd,1,0,1
168,2026-05-20 19:35:00,4th,0,0,0
168,2026-05-20 19:35:00,5th,0,1,1
168,2026-05-20 19:35:00,6th,0,0,0
168,2026-05-20 19:35:00,7th,0,0,0
169,2026-05-21 06:35:00,1st,0,0,0
169,2026-05-21 06:35:00,2nd,-1,1,0
169,2026-05-21 06:35:00,3rd,1,0,1
169,2026-05-21 06:35:00,4th,0,0,0
169,2026-05-21 06:35:00,5th,1,0,1
169,2026-05-21 06:35:00,6th,-1,1,0
169,2026-05-21 06:35:00,7th,0,0,0
170,2026-05-20 14:35:00,1st,-2,2,0
170,2026-05-20 14:35:00,2nd,0,1,1
170,2026-05-20 14:35:00,3rd,1,0,1
170,2026-05-20 14:35:00,4th,0,0,0
170,2026-05-20 14:35:00,5th,1,0,1
170,2026-05-20 14:35:00,6th,-1,2,1
170,2026-05-20 14:35:00,7th,1,0,1
171,2026-05-20 14:35:00,1st,-2,2,0
171,2026-05-20 14:35:00,2nd,0,1,1
171,2026-05-20 14:35:00,3rd,1,0,1
171,2026-05-20 14:35:00,4th,0,0,0
171,2026-05-20 14:35:00,5th,1,0,1
171,2026-05-20 14:35:00,6th,-1,2,1
171,2026-05-20 14:35:00,7th,1,0,1
172,2026-05-21 06:05:00,1st,1,0,1
172,2026-05-21 06:05:00,2nd,0,0,0
172,2026-05-21 06:05:00,3rd,0,0,0
172,2026-05-21 06:05:00,4th,0,0,0
172,2026-05-21 06:05:00,5th,0,0,0
172,2026-05-21 06:05:00,6th,0,0,0
172,2026-05-21 06:05:00,7th,0,1,1
173,2026-05-20 06:30:00,1st,0,0,0
173,2026-05-20 06:30:00,2nd,0,0,0
173,2026-05-20 06:30:00,3rd,0,0,0
173,2026-05-20 06:30:00,4th,0,0,0
173,2026-05-20 06:30:00,5th,0,0,0
173,2026-05-20 06:30:00,6th,0,0,0
173,2026-05-20 06:30:00,7th,1,0,1
174,2026-05-21 09:20:00,1st,2,0,2
174,2026-05-21 09:20:00,2nd,0,1,1
174,2026-05-21 09:20:00,3rd,0,0,0
174,2026-05-21 09:20:00,4th,0,0,0
174,2026-05-21 09:20:00,5th,0,0,0
174,2026-05-21 09:20:00,6th,0,0,0
174,2026-05-21 09:20:00,7th,0,0,0
175,2026-05-20 11:35:00,1st,2,2,4
175,2026-05-20 11:35:00,2nd,0,0,0
175,2026-05-20 11:35:00,3rd,0,2,2
175,2026-05-20 11:35:00,4th,0,0,0
175,2026-05-20 11:35:00,5th,0,0,0
175,2026-05-20 11:35:00,6th,1,0,1
175,2026-05-20 11:35:00,7th,-1,2,1
176,2026-05-20 15:05:00,1st,0,3,3
176,2026-05-20 15:05:00,2nd,0,0,0
176,2026-05-20 15:05:00,3rd,0,0,0
176,2026-05-20 15:05:00,4th,0,0,0
176,2026-05-20 15:05:00,5th,0,0,0
176,2026-05-20 15:05:00,6th,-1,2,1
176,2026-05-20 15:05:00,7th,0,0,0
177,2026-05-20 15:05:00,1st,0,3,3
177,2026-05-20 15:05:00,2nd,0,0,0
177,2026-05-20 15:05:00,3rd,0,0,0
177,2026-05-20 15:05:00,4th,0,0,0
177,2026-05-20 15:05:00,5th,0,0,0
177,2026-05-20 15:05:00,6th,-1,2,1
177,2026-05-20 15:05:00,7th,0,0,0
178,2026-05-21 07:50:00,1st,0,0,0
178,2026-05-21 07:50:00,2nd,-1,1,0
178,2026-05-21 07:50:00,3rd,0,0,0
178,2026-05-21 07:50:00,4th,0,0,0
178,2026-05-21 07:50:00,5th,1,1,2
178,2026-05-21 07:50:00,6th,0,0,0
178,2026-05-21 07:50:00,7th,-1,1,0
179,2026-05-21 05:35:00,1st,-1,1,0
179,2026-05-21 05:35:00,2nd,-1,1,0
179,2026-05-21 05:35:00,3rd,0,0,0
179,2026-05-21 05:35:00,4th,0,0,0
179,2026-05-21 05:35:00,5th,0,0,0
179,2026-05-21 05:35:00,6th,0,1,1
179,2026-05-21 05:35:00,7th,0,0,0
180,2026-05-20 15:35:00,1st,4,0,4
180,2026-05-20 15:35:00,2nd,-1,1,0
180,2026-05-20 15:35:00,3rd,0,0,0
180,2026-05-20 15:35:00,4th,0,0,0
180,2026-05-20 15:35:00,5th,0,0,0
180,2026-05-20 15:35:00,6th,0,0,0
180,2026-05-20 15:35:00,7th,0,0,0
181,2026-05-20 15:35:00,1st,4,0,4
181,2026-05-20 15:35:00,2nd,-1,1,0
181,2026-05-20 15:35:00,3rd,0,0,0
181,2026-05-20 15:35:00,4th,0,0,0
181,2026-05-20 15:35:00,5th,0,0,0
181,2026-05-20 15:35:00,6th,0,0,0
181,2026-05-20 15:35:00,7th,0,0,0
182,2026-05-21 05:20:00,1st,1,0,1
182,2026-05-21 05:20:00,2nd,0,0,0
182,2026-05-21 05:20:00,3rd,0,0,0
182,2026-05-21 05:20:00,4th,0,0,0
182,2026-05-21 05:20:00,5th,0,0,0
182,2026-05-21 05:20:00,6th,0,1,1
182,2026-05-21 05:20:00,7th,0,0,0
183,2026-05-20 14:05:00,1st,0,3,3
183,2026-05-20 14:05:00,2nd,2,1,3
183,2026-05-20 14:05:00,3rd,-1,2,1
183,2026-05-20 14:05:00,4th,0,0,0
183,2026-05-20 14:05:00,5th,0,0,0
183,2026-05-20 14:05:00,6th,-1,1,0
183,2026-05-20 14:05:00,7th,1,0,1
184,2026-05-21 05:05:00,1st,1,1,2
184,2026-05-21 05:05:00,2nd,0,0,0
184,2026-05-21 05:05:00,3rd,-1,2,1
184,2026-05-21 05:05:00,4th,0,0,0
184,2026-05-21 05:05:00,5th,0,0,0
184,2026-05-21 05:05:00,6th,1,0,1
184,2026-05-21 05:05:00,7th,1,0,1
185,2026-05-21 05:35:00,1st,-1,1,0
185,2026-05-21 05:35:00,2nd,-1,1,0
185,2026-05-21 05:35:00,3rd,0,0,0
185,2026-05-21 05:35:00,4th,0,0,0
185,2026-05-21 05:35:00,5th,0,0,0
185,2026-05-21 05:35:00,6th,0,1,1
185,2026-05-21 05:35:00,7th,0,0,0
186,2026-05-21 00:05:00,1st,-1,3,2
186,2026-05-21 00:05:00,2nd,0,0,0
186,2026-05-21 00:05:00,3rd,-1,1,0
186,2026-05-21 00:05:00,4th,0,0,0
186,2026-05-21 00:05:00,5th,0,0,0
186,2026-05-21 00:05:00,6th,2,0,2
186,2026-05-21 00:05:00,7th,0,0,0
187,2026-05-21 02:35:00,1st,0,0,0
187,2026-05-21 02:35:00,2nd,0,0,0
187,2026-05-21 02:35:00,3rd,0,0,0
187,2026-05-21 02:35:00,4th,0,0,0
187,2026-05-21 02:35:00,5th,0,1,1
187,2026-05-21 02:35:00,6th,0,2,2
187,2026-05-21 02:35:00,7th,0,0,0
188,2026-05-20 12:35:00,1st,2,2,4
188,2026-05-20 12:35:00,2nd,-1,1,0
188,2026-05-20 12:35:00,3rd,0,0,0
188,2026-05-20 12:35:00,4th,0,0,0
188,2026-05-20 12:35:00,5th,1,0,1
188,2026-05-20 12:35:00,6th,0,1,1
188,2026-05-20 12:35:00,7th,-1,1,0
189,2026-05-20 21:35:00,1st,0,1,1
189,2026-05-20 21:35:00,2nd,0,0,0
189,2026-05-20 21:35:00,3rd,0,1,1
189,2026-05-20 21:35:00,4th,0,0,0
189,2026-05-20 21:35:00,5th,1,0,1
189,2026-05-20 21:35:00,6th,0,0,0
189,2026-05-20 21:35:00,7th,-1,2,1
190,2026-05-20 10:05:00,1st,2,0,2
190,2026-05-20 10:05:00,2nd,-1,1,0
190,2026-05-20 10:05:00,3rd,0,0,0
190,2026-05-20 10:05:00,4th,0,0,0
190,2026-05-20 10:05:00,5th,0,0,0
190,2026-05-20 10:05:00,6th,0,1,1
190,2026-05-20 10:05:00,7th,0,1,1
191,2026-05-20 08:05:00,1st,1,2,3
191,2026-05-20 08:05:00,2nd,-1,1,0
191,2026-05-20 08:05:00,3rd,0,0,0
191,2026-05-20 08:05:00,4th,0,0,0
191,2026-05-20 08:05:00,5th,0,0,0
191,2026-05-20 08:05:00,6th,0,1,1
191,2026-05-20 08:05:00,7th,0,0,0
192,2026-05-20 17:50:00,1st,1,0,1
192,2026-05-20 17:50:00,2nd,2,0,2
192,2026-05-20 17:50:00,3rd,0,0,0
192,2026-05-20 17:50:00,4th,0,0,0
192,2026-05-20 17:50:00,5th,0,0,0
192,2026-05-20 17:50:00,6th,1,0,1
192,2026-05-20 17:50:00,7th,0,0,0
193,2026-05-20 14:20:00,1st,0,2,2
193,2026-05-20 14:20:00,2nd,-2,3,1
193,2026-05-20 14:20:00,3rd,0,0,0
193,2026-05-20 14:20:00,4th,0,0,0
193,2026-05-20 14:20:00,5th,0,0,0
193,2026-05-20 14:20:00,6th,0,1,1
193,2026-05-20 14:20:00,7th,0,0,0
194,2026-05-20 10:35:00,1st,-1,1,0
194,2026-05-20 10:35:00,2nd,0,0,0
194,2026-05-20 10:35:00,3rd,1,0,1
194,2026-05-20 10:35:00,4th,0,0,0
194,2026-05-20 10:35:00,5th,0,0,0
194,2026-05-20 10:35:00,6th,0,0,0
194,2026-05-20 10:35:00,7th,0,1,1
195,2026-05-20 20:35:00,1st,0,0,0
195,2026-05-20 20:35:00,2nd,-1,1,0
195,2026-05-20 20:35:00,3rd,0,1,1
195,2026-05-20 20:35:00,4th,0,0,0
195,2026-05-20 20:35:00,5th,0,0,0
195,2026-05-20 20:35:00,6th,1,3,4
195,2026-05-20 20:35:00,7th,0,0,0
196,2026-05-21 07:05:00,1st,0,0,0
196,2026-05-21 07:05:00,2nd,0,0,0
196,2026-05-21 07:05:00,3rd,0,1,1
196,2026-05-21 07:05:00,4th,0,0,0
196,2026-05-21 07:05:00,5th,0,0,0
196,2026-05-21 07:05:00,6th,0,0,0
196,2026-05-21 07:05:00,7th,0,0,0
197,2026-05-20 13:05:00,1st,1,0,1
197,2026-05-20 13:05:00,2nd,1,0,1
197,2026-05-20 13:05:00,3rd,1,0,1
197,2026-05-20 13:05:00,4th,0,0,0
197,2026-05-20 13:05:00,5th,0,0,0
197,2026-05-20 13:05:00,6th,0,0,0
197,2026-05-20 13:05:00,7th,-1,2,1
198,2026-05-20 11:20:00,1st,-4,4,0
198,2026-05-20 11:20:00,2nd,1,0,1
198,2026-05-20 11:20:00,3rd,0,0,0
198,2026-05-20 11:20:00,4th,0,0,0
198,2026-05-20 11:20:00,5th,0,0,0
198,2026-05-20 11:20:00,6th,0,1,1
198,2026-05-20 11:20:00,7th,0,0,0
199,2026-05-21 06:50:00,1st,1,0,1
199,2026-05-21 06:50:00,2nd,0,0,0
199,2026-05-21 06:50:00,3rd,0,2,2
199,2026-05-21 06:50:00,4th,0,0,0
199,2026-05-21 06:50:00,5th,0,0,0
199,2026-05-21 06:50:00,6th,0,0,0
199,2026-05-21 06:50:00,7th,0,0,0
200,2026-05-20 07:20:00,1st,1,0,1
200,2026-05-20 07:20:00,2nd,1,0,1
200,2026-05-20 07:20:00,3rd,0,0,0
200,2026-05-20 07:20:00,4th,0,0,0
200,2026-05-20 07:20:00,5th,-1,1,0
200,2026-05-20 07:20:00,6th,1,0,1
200,2026-05-20 07:20:00,7th,1,0,1
201,2026-05-20 22:05:00,1st,-3,3,0
201,2026-05-20 22:05:00,2nd,2,0,2
201,2026-05-20 22:05:00,3rd,0,1,1
201,2026-05-20 22:05:00,4th,0,0,0
201,2026-05-20 22:05:00,5th,0,0,0
201,2026-05-20 22:05:00,6th,0,0,0
201,2026-05-20 22:05:00,7th,1,3,4
202,2026-05-20 21:20:00,1st,1,1,2
202,2026-05-20 21:20:00,2nd,0,0,0
202,2026-05-20 21:20:00,3rd,-1,2,1
202,2026-05-20 21:20:00,4th,0,0,0
202,2026-05-20 21:20:00,5th,-1,1,0
202,2026-05-20 21:20:00,6th,1,2,3
202,2026-05-20 21:20:00,7th,2,0,2
203,2026-05-20 18:50:00,1st,1,0,1
203,2026-05-20 18:50:00,2nd,0,1,1
203,2026-05-20 18:50:00,3rd,2,0,2
203,2026-05-20 18:50:00,4th,0,0,0
203,2026-05-20 18:50:00,5th,0,0,0
203,2026-05-20 18:50:00,6th,0,1,1
203,2026-05-20 18:50:00,7th,0,0,0
204,2026-05-20 17:50:00,1st,1,0,1
204,2026-05-20 17:50:00,2nd,2,0,2
204,2026-05-20 17:50:00,3rd,0,0,0
204,2026-05-20 17:50:00,4th,0,0,0
204,2026-05-20 17:50:00,5th,0,0,0
204,2026-05-20 17:50:00,6th,1,0,1
204,2026-05-20 17:50:00,7th,0,0,0
205,2026-05-20 07:05:00,1st,3,3,6
205,2026-05-20 07:05:00,2nd,-1,1,0
205,2026-05-20 07:05:00,3rd,0,0,0
205,2026-05-20 07:05:00,4th,0,0,0
205,2026-05-20 07:05:00,5th,0,0,0
205,2026-05-20 07:05:00,6th,-1,2,1
205,2026-05-20 07:05:00,7th,0,0,0
206,2026-05-21 06:35:00,1st,0,0,0
206,2026-05-21 06:35:00,2nd,-1,1,0
206,2026-05-21 06:35:00,3rd,1,0,1
206,2026-05-21 06:35:00,4th,0,0,0
206,2026-05-21 06:35:00,5th,1,0,1
206,2026-05-21 06:35:00,6th,-1,1,0
206,2026-05-21 06:35:00,7th,0,0,0
207,2026-05-20 08:20:00,1st,0,1,1
207,2026-05-20 08:20:00,2nd,0,0,0
207,2026-05-20 08:20:00,3rd,-1,1,0
207,2026-05-20 08:20:00,4th,0,0,0
207,2026-05-20 08:20:00,5th,0,0,0
207,2026-05-20 08:20:00,6th,0,0,0
207,2026-05-20 08:20:00,7th,0,0,0
208,2026-05-20 10:50:00,1st,-1,1,0
208,2026-05-20 10:50:00,2nd,0,0,0
208,2026-05-20 10:50:00,3rd,0,0,0
208,2026-05-20 10:50:00,4th,0,0,0
208,2026-05-20 10:50:00,5th,0,0,0
208,2026-05-20 10:50:00,6th,0,1,1
208,2026-05-20 10:50:00,7th,-1,1,0
209,2026-05-21 07:20:00,1st,0,0,0
209,2026-05-21 07:20:00,2nd,0,0,0
209,2026-05-21 07:20:00,3rd,0,0,0
209,2026-05-21 07:20:00,4th,0,0,0
209,2026-05-21 07:20:00,5th,0,1,1
209,2026-05-21 07:20:00,6th,-1,1,0
209,2026-05-21 07:20:00,7th,0,0,0
210,2026-05-20 16:05:00,1st,0,3,3
210,2026-05-20 16:05:00,2nd,0,0,0
210,2026-05-20 16:05:00,3rd,0,0,0
210,2026-05-20 16:05:00,4th,0,0,0
210,2026-05-20 16:05:00,5th,1,0,1
210,2026-05-20 16:05:00,6th,0,0,0
210,2026-05-20 16:05:00,7th,2,0,2
211,2026-05-20 18:50:00,1st,1,0,1
211,2026-05-20 18:50:00,2nd,0,1,1
211,2026-05-20 18:50:00,3rd,2,0,2
211,2026-05-20 18:50:00,4th,0,0,0
211,2026-05-20 18:50:00,5th,0,0,0
211,2026-05-20 18:50:00,6th,0,1,1
211,2026-05-20 18:50:00,7th,0,0,0
212,2026-05-20 23:35:00,1st,3,3,6
212,2026-05-20 23:35:00,2nd,0,0,0
212,2026-05-20 23:35:00,3rd,1,0,1
212,2026-05-20 23:35:00,4th,0,0,0
212,2026-05-20 23:35:00,5th,0,0,0
212,2026-05-20 23:35:00,6th,1,0,1
212,2026-05-20 23:35:00,7th,-1,1,0
213,2026-05-20 21:35:00,1st,0,1,1
213,2026-05-20 21:35:00,2nd,0,0,0
213,2026-05-20 21:35:00,3rd,0,1,1
213,2026-05-20 21:35:00,4th,0,0,0
213,2026-05-20 21:35:00,5th,1,0,1
213,2026-05-20 21:35:00,6th,0,0,0
213,2026-05-20 21:35:00,7th,-1,2,1
214,2026-05-21 08:50:00,1st,0,0,0
214,2026-05-21 08:50:00,2nd,-1,1,0
214,2026-05-21 08:50:00,3rd,-1,2,1
214,2026-05-21 08:50:00,4th,0,0,0
214,2026-05-21 08:50:00,5th,0,0,0
214,2026-05-21 08:50:00,6th,-1,1,0
214,2026-05-21 08:50:00,7th,0,0,0
215,2026-05-21 09:05:00,1st,-1,2,1
215,2026-05-21 09:05:00,2nd,0,0,0
215,2026-05-21 09:05:00,3rd,2,0,2
215,2026-05-21 09:05:00,4th,0,0,0
215,2026-05-21 09:05:00,5th,0,0,0
215,2026-05-21 09:05:00,6th,2,0,2
215,2026-05-21 09:05:00,7th,0,0,0
216,2026-05-20 13:35:00,1st,0,2,2
216,2026-05-20 13:35:00,2nd,0,0,0
216,2026-05-20 13:35:00,3rd,2,0,2
216,2026-05-20 13:35:00,4th,1,0,1
216,2026-05-20 13:35:00,5th,-1,1,0
216,2026-05-20 13:35:00,6th,0,0,0
216,2026-05-20 13:35:00,7th,0,0,0
217,2026-05-21 03:05:00,1st,0,0,0
217,2026-05-21 03:05:00,2nd,0,0,0
217,2026-05-21 03:05:00,3rd,0,0,0
217,2026-05-21 03:05:00,4th,1,0,1
217,2026-05-21 03:05:00,5th,0,0,0
217,2026-05-21 03:05:00,6th,0,0,0
217,2026-05-21 03:05:00,7th,0,0,0
218,2026-05-21 00:50:00,1st,-1,4,3
218,2026-05-21 00:50:00,2nd,1,0,1
218,2026-05-21 00:50:00,3rd,0,3,3
218,2026-05-21 00:50:00,4th,1,0,1
218,2026-05-21 00:50:00,5th,0,0,0
218,2026-05-21 00:50:00,6th,0,0,0
218,2026-05-21 00:50:00,7th,0,0,0
219,2026-05-20 13:05:00,1st,1,0,1
219,2026-05-20 13:05:00,2nd,1,0,1
219,2026-05-20 13:05:00,3rd,1,0,1
219,2026-05-20 13:05:00,4th,0,0,0
219,2026-05-20 13:05:00,5th,0,0,0
219,2026-05-20 13:05:00,6th,0,0,0
219,2026-05-20 13:05:00,7th,-1,2,1
220,2026-05-20 10:20:00,1st,-1,1,0
220,2026-05-20 10:20:00,2nd,0,0,0
220,2026-05-20 10:20:00,3rd,-1,1,0
220,2026-05-20 10:20:00,4th,0,0,0
220,2026-05-20 10:20:00,5th,0,0,0
220,2026-05-20 10:20:00,6th,0,1,1
220,2026-05-20 10:20:00,7th,2,0,2
221,2026-05-21 05:35:00,1st,-1,1,0
221,2026-05-21 05:35:00,2nd,-1,1,0
221,2026-05-21 05:35:00,3rd,0,0,0
221,2026-05-21 05:35:00,4th,0,0,0
221,2026-05-21 05:35:00,5th,0,0,0
221,2026-05-21 05:35:00,6th,0,1,1
221,2026-05-21 05:35:00,7th,0,0,0
222,2026-05-21 02:35:00,1st,0,0,0
222,2026-05-21 02:35:00,2nd,0,0,0
222,2026-05-21 02:35:00,3rd,0,0,0
222,2026-05-21 02:35:00,4th,0,0,0
222,2026-05-21 02:35:00,5th,0,1,1
222,2026-05-21 02:35:00,6th,0,2,2
222,2026-05-21 02:35:00,7th,0,0,0
223,2026-05-20 16:35:00,1st,-2,3,1
223,2026-05-20 16:35:00,2nd,0,0,0
223,2026-05-20 16:35:00,3rd,0,0,0
223,2026-05-20 16:35:00,4th,0,0,0
223,2026-05-20 16:35:00,5th,0,0,0
223,2026-05-20 16:35:00,6th,1,1,2
223,2026-05-20 16:35:00,7th,1,0,1
224,2026-05-20 14:20:00,1st,0,2,2
224,2026-05-20 14:20:00,2nd,-2,3,1
224,2026-05-20 14:20:00,3rd,0,0,0
224,2026-05-20 14:20:00,4th,0,0,0
224,2026-05-20 14:20:00,5th,0,0,0
224,2026-05-20 14:20:00,6th,0,1,1
224,2026-05-20 14:20:00,7th,0,0,0
225,2026-05-21 00:50:00,1st,-1,4,3
225,2026-05-21 00:50:00,2nd,1,0,1
225,2026-05-21 00:50:00,3rd,0,3,3
225,2026-05-21 00:50:00,4th,1,0,1
225,2026-05-21 00:50:00,5th,0,0,0
225,2026-05-21 00:50:00,6th,0,0,0
225,2026-05-21 00:50:00,7th,0,0,0
226,2026-05-20 13:05:00,1st,1,0,1
226,2026-05-20 13:05:00,2nd,1,0,1
226,2026-05-20 13:05:00,3rd,1,0,1
226,2026-05-20 13:05:00,4th,0,0,0
226,2026-05-20 13:05:00,5th,0,0,0
226,2026-05-20 13:05:00,6th,0,0,0
226,2026-05-20 13:05:00,7th,-1,2,1
227,2026-05-20 18:50:00,1st,1,0,1
227,2026-05-20 18:50:00,2nd,0,1,1
227,2026-05-20 18:50:00,3rd,2,0,2
227,2026-05-20 18:50:00,4th,0,0,0
227,2026-05-20 18:50:00,5th,0,0,0
227,2026-05-20 18:50:00,6th,0,1,1
227,2026-05-20 18:50:00,7th,0,0,0
228,2026-05-20 12:35:00,1st,2,2,4
228,2026-05-20 12:35:00,2nd,-1,1,0
228,2026-05-20 12:35:00,3rd,0,0,0
228,2026-05-20 12:35:00,4th,0,0,0
228,2026-05-20 12:35:00,5th,1,0,1
228,2026-05-20 12:35:00,6th,0,1,1
228,2026-05-20 12:35:00,7th,-1,1,0
229,2026-05-20 23:05:00,1st,-1,3,2
229,2026-05-20 23:05:00,2nd,3,0,3
229,2026-05-20 23:05:00,3rd,-1,1,0
229,2026-05-20 23:05:00,4th,0,0,0
229,2026-05-20 23:05:00,5th,0,0,0
229,2026-05-20 23:05:00,6th,2,0,2
229,2026-05-20 23:05:00,7th,0,2,2
230,2026-05-20 16:20:00,1st,0,2,2
230,2026-05-20 16:20:00,2nd,0,0,0
230,2026-05-20 16:20:00,3rd,-1,1,0
230,2026-05-20 16:20:00,4th,0,0,0
230,2026-05-20 16:20:00,5th,0,0,0
230,2026-05-20 16:20:00,6th,0,1,1
230,2026-05-20 16:20:00,7th,0,0,0
231,2026-05-21 00:20:00,1st,2,1,3
231,2026-05-21 00:20:00,2nd,0,0,0
231,2026-05-21 00:20:00,3rd,0,0,0
231,2026-05-21 00:20:00,4th,0,0,0
231,2026-05-21 00:20:00,5th,0,0,0
231,2026-05-21 00:20:00,6th,0,0,0
231,2026-05-21 00:20:00,7th,0,0,0
232,2026-05-20 15:20:00,1st,-3,11,8
232,2026-05-20 15:20:00,2nd,-2,2,0
232,2026-05-20 15:20:00,3rd,0,0,0
232,2026-05-20 15:20:00,4th,0,0,0
232,2026-05-20 15:20:00,5th,0,0,0
232,2026-05-20 15:20:00,6th,1,0,1
232,2026-05-20 15:20:00,7th,0,0,0
233,2026-05-20 23:05:00,1st,-1,3,2
233,2026-05-20 23:05:00,2nd,3,0,3
233,2026-05-20 23:05:00,3rd,-1,1,0
233,2026-05-20 23:05:00,4th,0,0,0
233,2026-05-20 23:05:00,5th,0,0,0
233,2026-05-20 23:05:00,6th,2,0,2
233,2026-05-20 23:05:00,7th,0,2,2
234,2026-05-20 22:50:00,1st,-2,3,1
234,2026-05-20 22:50:00,2nd,-1,2,1
234,2026-05-20 22:50:00,3rd,1,0,1
234,2026-05-20 22:50:00,4th,0,0,0
234,2026-05-20 22:50:00,5th,0,0,0
234,2026-05-20 22:50:00,6th,0,1,1
234,2026-05-20 22:50:00,7th,0,0,0
235,2026-05-20 18:35:00,1st,-4,6,2
235,2026-05-20 18:35:00,2nd,0,0,0
235,2026-05-20 18:35:00,3rd,0,0,0
235,2026-05-20 18:35:00,4th,0,0,0
235,2026-05-20 18:35:00,5th,0,0,0
235,2026-05-20 18:35:00,6th,0,0,0
235,2026-05-20 18:35:00,7th,0,0,0
236,2026-05-20 21:05:00,1st,-4,4,0
236,2026-05-20 21:05:00,2nd,1,0,1
236,2026-05-20 21:05:00,3rd,2,0,2
236,2026-05-20 21:05:00,4th,0,0,0
236,2026-05-20 21:05:00,5th,0,0,0
236,2026-05-20 21:05:00,6th,0,1,1
236,2026-05-20 21:05:00,7th,-1,2,1
237,2026-05-20 11:20:00,1st,-4,4,0
237,2026-05-20 11:20:00,2nd,1,0,1
237,2026-05-20 11:20:00,3rd,0,0,0
237,2026-05-20 11:20:00,4th,0,0,0
237,2026-05-20 11:20:00,5th,0,0,0
237,2026-05-20 11:20:00,6th,0,1,1
237,2026-05-20 11:20:00,7th,0,0,0
238,2026-05-21 02:50:00,1st,0,0,0
238,2026-05-21 02:50:00,2nd,0,0,0
238,2026-05-21 02:50:00,3rd,0,0,0
238,2026-05-21 02:50:00,4th,0,0,0
238,2026-05-21 02:50:00,5th,0,0,0
238,2026-05-21 02:50:00,6th,0,2,2
238,2026-05-21 02:50:00,7th,0,0,0
239,2026-05-21 01:50:00,1st,0,0,0
239,2026-05-21 01:50:00,2nd,0,0,0
239,2026-05-21 01:50:00,3rd,0,0,0
239,2026-05-21 01:50:00,4th,0,0,0
239,2026-05-21 01:50:00,5th,0,0,0
239,2026-05-21 01:50:00,6th,0,0,0
239,2026-05-21 01:50:00,7th,0,1,1
240,2026-05-20 14:20:00,1st,0,2,2
240,2026-05-20 14:20:00,2nd,-2,3,1
240,2026-05-20 14:20:00,3rd,0,0,0
240,2026-05-20 14:20:00,4th,0,0,0
240,2026-05-20 14:20:00,5th,0,0,0
240,2026-05-20 14:20:00,6th,0,1,1
240,2026-05-20 14:20:00,7th,0,0,0
241,2026-05-20 17:50:00,1st,1,0,1
241,2026-05-20 17:50:00,2nd,2,0,2
241,2026-05-20 17:50:00,3rd,0,0,0
241,2026-05-20 17:50:00,4th,0,0,0
241,2026-05-20 17:50:00,5th,0,0,0
241,2026-05-20 17:50:00,6th,1,0,1
241,2026-05-20 17:50:00,7th,0,0,0
242,2026-05-21 09:35:00,1st,-1,1,0
242,2026-05-21 09:35:00,2nd,1,0,1
242,2026-05-21 09:35:00,3rd,0,0,0
242,2026-05-21 09:35:00,4th,0,0,0
242,2026-05-21 09:35:00,5th,0,0,0
242,2026-05-21 09:35:00,6th,0,0,0
242,2026-05-21 09:35:00,7th,0,0,0
243,2026-05-20 09:50:00,1st,-2,6,4
243,2026-05-20 09:50:00,2nd,0,0,0
243,2026-05-20 09:50:00,3rd,-1,1,0
243,2026-05-20 09:50:00,4th,0,0,0
243,2026-05-20 09:50:00,5th,0,0,0
243,2026-05-20 09:50:00,6th,0,0,0
243,2026-05-20 09:50:00,7th,0,0,0
244,2026-05-20 21:05:00,1st,-4,4,0
244,2026-05-20 21:05:00,2nd,1,0,1
244,2026-05-20 21:05:00,3rd,2,0,2
244,2026-05-20 21:05:00,4th,0,0,0
244,2026-05-20 21:05:00,5th,0,0,0
244,2026-05-20 21:05:00,6th,0,1,1
244,2026-05-20 21:05:00,7th,-1,2,1
245,2026-05-20 20:35:00,1st,0,0,0
245,2026-05-20 20:35:00,2nd,-1,1,0
245,2026-05-20 20:35:00,3rd,0,1,1
245,2026-05-20 20:35:00,4th,0,0,0
245,2026-05-20 20:35:00,5th,0,0,0
245,2026-05-20 20:35:00,6th,1,3,4
245,2026-05-20 20:35:00,7th,0,0,0
246,2026-05-21 00:35:00,1st,-1,3,2
246,2026-05-21 00:35:00,2nd,0,0,0
246,2026-05-21 00:35:00,3rd,0,2,2
246,2026-05-21 00:35:00,4th,0,0,0
246,2026-05-21 00:35:00,5th,0,0,0
246,2026-05-21 00:35:00,6th,0,0,0
246,2026-05-21 00:35:00,7th,0,0,0
247,2026-05-20 18:20:00,1st,-1,2,1
247,2026-05-20 18:20:00,2nd,-1,1,0
247,2026-05-20 18:20:00,3rd,0,0,0
247,2026-05-20 18:20:00,4th,0,0,0
247,2026-05-20 18:20:00,5th,0,0,0
247,2026-05-20 18:20:00,6th,1,1,2
247,2026-05-20 18:20:00,7th,0,0,0
248,2026-05-21 00:50:00,1st,-1,4,3
248,2026-05-21 00:50:00,2nd,1,0,1
248,2026-05-21 00:50:00,3rd,0,3,3
248,2026-05-21 00:50:00,4th,1,0,1
248,2026-05-21 00:50:00,5th,0,0,0
248,2026-05-21 00:50:00,6th,0,0,0
248,2026-05-21 00:50:00,7th,0,0,0
249,2026-05-20 09:20:00,1st,-1,1,0
249,2026-05-20 09:20:00,2nd,0,0,0
249,2026-05-20 09:20:00,3rd,0,0,0
249,2026-05-20 09:20:00,4th,0,0,0
249,2026-05-20 09:20:00,5th,-1,2,1
249,2026-05-20 09:20:00,6th,-1,1,0
249,2026-05-20 09:20:00,7th,0,0,0
250,2026-05-20 10:35:00,1st,-1,1,0
250,2026-05-20 10:35:00,2nd,0,0,0
250,2026-05-20 10:35:00,3rd,1,0,1
250,2026-05-20 10:35:00,4th,0,0,0
250,2026-05-20 10:35:00,5th,0,0,0
250,2026-05-20 10:35:00,6th,0,0,0
250,2026-05-20 10:35:00,7th,0,1,1
251,2026-05-20 20:50:00,1st,0,1,1
251,2026-05-20 20:50:00,2nd,0,0,0
251,2026-05-20 20:50:00,3rd,-1,1,0
251,2026-05-20 20:50:00,4th,-1,1,0
251,2026-05-20 20:50:00,5th,0,0,0
251,2026-05-20 20:50:00,6th,0,1,1
251,2026-05-20 20:50:00,7th,0,0,0
252,2026-05-20 10:20:00,1st,-1,1,0
252,2026-05-20 10:20:00,2nd,0,0,0
252,2026-05-20 10:20:00,3rd,-1,1,0
252,2026-05-20 10:20:00,4th,0,0,0
252,2026-05-20 10:20:00,5th,0,0,0
252,2026-05-20 10:20:00,6th,0,1,1
252,2026-05-20 10:20:00,7th,2,0,2
253,2026-05-20 07:05:00,1st,3,3,6
253,2026-05-20 07:05:00,2nd,-1,1,0
253,2026-05-20 07:05:00,3rd,0,0,0
253,2026-05-20 07:05:00,4th,0,0,0
253,2026-05-20 07:05:00,5th,0,0,0
253,2026-05-20 07:05:00,6th,-1,2,1
253,2026-05-20 07:05:00,7th,0,0,0
254,2026-05-20 18:50:00,1st,1,0,1
254,2026-05-20 18:50:00,2nd,0,1,1
254,2026-05-20 18:50:00,3rd,2,0,2
254,2026-05-20 18:50:00,4th,0,0,0
254,2026-05-20 18:50:00,5th,0,0,0
254,2026-05-20 18:50:00,6th,0,1,1
254,2026-05-20 18:50:00,7th,0,0,0
255,2026-05-21 01:05:00,1st,1,0,1
255,2026-05-21 01:05:00,2nd,0,0,0
255,2026-05-21 01:05:00,3rd,0,1,1
255,2026-05-21 01:05:00,4th,0,0,0
255,2026-05-21 01:05:00,5th,0,0,0
255,2026-05-21 01:05:00,6th,0,0,0
255,2026-05-21 01:05:00,7th,0,0,0
256,2026-05-20 20:20:00,1st,0,2,2
256,2026-05-20 20:20:00,2nd,0,0,0
256,2026-05-20 20:20:00,3rd,0,1,1
256,2026-05-20 20:20:00,4th,0,0,0
256,2026-05-20 20:20:00,5th,2,0,2
256,2026-05-20 20:20:00,6th,2,2,4
256,2026-05-20 20:20:00,7th,0,0,0
257,2026-05-21 07:05:00,1st,0,0,0
257,2026-05-21 07:05:00,2nd,0,0,0
257,2026-05-21 07:05:00,3rd,0,1,1
257,2026-05-21 07:05:00,4th,0,0,0
257,2026-05-21 07:05:00,5th,0,0,0
257,2026-05-21 07:05:00,6th,0,0,0
257,2026-05-21 07:05:00,7th,0,0,0
258,2026-05-20 13:50:00,1st,0,2,2
258,2026-05-20 13:50:00,2nd,-1,1,0
258,2026-05-20 13:50:00,3rd,0,0,0
258,2026-05-20 13:50:00,4th,0,0,0
258,2026-05-20 13:50:00,5th,0,0,0
258,2026-05-20 13:50:00,6th,1,3,4
258,2026-05-20 13:50:00,7th,3,0,3
259,2026-05-20 18:35:00,1st,-4,6,2
259,2026-05-20 18:35:00,2nd,0,0,0
259,2026-05-20 18:35:00,3rd,0,0,0
259,2026-05-20 18:35:00,4th,0,0,0
259,2026-05-20 18:35:00,5th,0,0,0
259,2026-05-20 18:35:00,6th,0,0,0
259,2026-05-20 18:35:00,7th,0,0,0
260,2026-05-20 11:20:00,1st,-4,4,0
260,2026-05-20 11:20:00,2nd,1,0,1
260,2026-05-20 11:20:00,3rd,0,0,0
260,2026-05-20 11:20:00,4th,0,0,0
260,2026-05-20 11:20:00,5th,0,0,0
260,2026-05-20 11:20:00,6th,0,1,1
260,2026-05-20 11:20:00,7th,0,0,0
261,2026-05-20 13:20:00,1st,-1,1,0
261,2026-05-20 13:20:00,2nd,0,0,0
261,2026-05-20 13:20:00,3rd,-2,2,0
261,2026-05-20 13:20:00,4th,0,0,0
261,2026-05-20 13:20:00,5th,0,0,0
261,2026-05-20 13:20:00,6th,-1,1,0
261,2026-05-20 13:20:00,7th,0,0,0
262,2026-05-20 19:50:00,1st,0,1,1
262,2026-05-20 19:50:00,2nd,0,0,0
262,2026-05-20 19:50:00,3rd,0,0,0
262,2026-05-20 19:50:00,4th,0,0,0
262,2026-05-20 19:50:00,5th,-1,2,1
262,2026-05-20 19:50:00,6th,-1,1,0
262,2026-05-20 19:50:00,7th,0,0,0
263,2026-05-20 22:35:00,1st,-2,3,1
263,2026-05-20 22:35:00,2nd,1,0,1
263,2026-05-20 22:35:00,3rd,0,0,0
263,2026-05-20 22:35:00,4th,0,0,0
263,2026-05-20 22:35:00,5th,0,0,0
263,2026-05-20 22:35:00,6th,0,2,2
263,2026-05-20 22:35:00,7th,1,0,1
264,2026-05-21 00:05:00,1st,-1,3,2
264,2026-05-21 00:05:00,2nd,0,0,0
264,2026-05-21 00:05:00,3rd,-1,1,0
264,2026-05-21 00:05:00,4th,0,0,0
264,2026-05-21 00:05:00,5th,0,0,0
264,2026-05-21 00:05:00,6th,2,0,2
264,2026-05-21 00:05:00,7th,0,0,0
265,2026-05-20 13:35:00,1st,0,2,2
265,2026-05-20 13:35:00,2nd,0,0,0
265,2026-05-20 13:35:00,3rd,2,0,2
265,2026-05-20 13:35:00,4th,1,0,1
265,2026-05-20 13:35:00,5th,-1,1,0
265,2026-05-20 13:35:00,6th,0,0,0
265,2026-05-20 13:35:00,7th,0,0,0
266,2026-05-20 12:35:00,1st,2,2,4
266,2026-05-20 12:35:00,2nd,-1,1,0
266,2026-05-20 12:35:00,3rd,0,0,0
266,2026-05-20 12:35:00,4th,0,0,0
266,2026-05-20 12:35:00,5th,1,0,1
266,2026-05-20 12:35:00,6th,0,1,1
266,2026-05-20 12:35:00,7th,-1,1,0
267,2026-05-20 17:20:00,1st,-1,2,1
267,2026-05-20 17:20:00,2nd,0,0,0
267,2026-05-20 17:20:00,3rd,-1,1,0
267,2026-05-20 17:20:00,4th,0,0,0
267,2026-05-20 17:20:00,5th,0,0,0
267,2026-05-20 17:20:00,6th,0,0,0
267,2026-05-20 17:20:00,7th,1,1,2
268,2026-05-20 12:20:00,1st,0,0,0
268,2026-05-20 12:20:00,2nd,-1,1,0
268,2026-05-20 12:20:00,3rd,0,0,0
268,2026-05-20 12:20:00,4th,1,0,1
268,2026-05-20 12:20:00,5th,0,0,0
268,2026-05-20 12:20:00,6th,1,1,2
268,2026-05-20 12:20:00,7th,0,0,0
269,2026-05-20 12:35:00,1st,2,2,4
269,2026-05-20 12:35:00,2nd,-1,1,0
269,2026-05-20 12:35:00,3rd,0,0,0
269,2026-05-20 12:35:00,4th,0,0,0
269,2026-05-20 12:35:00,5th,1,0,1
269,2026-05-20 12:35:00,6th,0,1,1
269,2026-05-20 12:35:00,7th,-1,1,0
270,2026-05-21 09:35:00,1st,-1,1,0
270,2026-05-21 09:35:00,2nd,1,0,1
270,2026-05-21 09:35:00,3rd,0,0,0
270,2026-05-21 09:35:00,4th,0,0,0
270,2026-05-21 09:35:00,5th,0,0,0
270,2026-05-21 09:35:00,6th,0,0,0
270,2026-05-21 09:35:00,7th,0,0,0
271,2026-05-20 15:35:00,1st,4,0,4
271,2026-05-20 15:35:00,2nd,-1,1,0
271,2026-05-20 15:35:00,3rd,0,0,0
271,2026-05-20 15:35:00,4th,0,0,0
271,2026-05-20 15:35:00,5th,0,0,0
271,2026-05-20 15:35:00,6th,0,0,0
271,2026-05-20 15:35:00,7th,0,0,0
272,2026-05-21 01:50:00,1st,0,0,0
272,2026-05-21 01:50:00,2nd,0,0,0
272,2026-05-21 01:50:00,3rd,0,0,0
272,2026-05-21 01:50:00,4th,0,0,0
272,2026-05-21 01:50:00,5th,0,0,0
272,2026-05-21 01:50:00,6th,0,0,0
272,2026-05-21 01:50:00,7th,0,1,1
273,2026-05-20 15:05:00,1st,0,3,3
273,2026-05-20 15:05:00,2nd,0,0,0
273,2026-05-20 15:05:00,3rd,0,0,0
273,2026-05-20 15:05:00,4th,0,0,0
273,2026-05-20 15:05:00,5th,0,0,0
273,2026-05-20 15:05:00,6th,-1,2,1
273,2026-05-20 15:05:00,7th,0,0,0
274,2026-05-20 07:20:00,1st,1,0,1
274,2026-05-20 07:20:00,2nd,1,0,1
274,2026-05-20 07:20:00,3rd,0,0,0
274,2026-05-20 07:20:00,4th,0,0,0
274,2026-05-20 07:20:00,5th,-1,1,0
274,2026-05-20 07:20:00,6th,1,0,1
274,2026-05-20 07:20:00,7th,1,0,1
275,2026-05-20 07:50:00,1st,0,1,1
275,2026-05-20 07:50:00,2nd,-1,1,0
275,2026-05-20 07:50:00,3rd,0,0,0
275,2026-05-20 07:50:00,4th,0,0,0
275,2026-05-20 07:50:00,5th,0,0,0
275,2026-05-20 07:50:00,6th,0,1,1
275,2026-05-20 07:50:00,7th,1,0,1
276,2026-05-21 10:20:00,1st,0,1,1
276,2026-05-21 10:20:00,2nd,-1,1,0
276,2026-05-21 10:20:00,3rd,0,0,0
276,2026-05-21 10:20:00,4th,0,0,0
276,2026-05-21 10:20:00,5th,0,0,0
276,2026-05-21 10:20:00,6th,0,1,1
276,2026-05-21 10:20:00,7th,-1,1,0
277,2026-05-20 16:20:00,1st,0,2,2
277,2026-05-20 16:20:00,2nd,0,0,0
277,2026-05-20 16:20:00,3rd,-1,1,0
277,2026-05-20 16:20:00,4th,0,0,0
277,2026-05-20 16:20:00,5th,0,0,0
277,2026-05-20 16:20:00,6th,0,1,1
277,2026-05-20 16:20:00,7th,0,0,0
278,2026-05-20 06:30:00,1st,0,0,0
278,2026-05-20 06:30:00,2nd,0,0,0
278,2026-05-20 06:30:00,3rd,0,0,0
278,2026-05-20 06:30:00,4th,0,0,0
278,2026-05-20 06:30:00,5th,0,0,0
278,2026-05-20 06:30:00,6th,0,0,0
278,2026-05-20 06:30:00,7th,1,0,1
279,2026-05-20 16:35:00,1st,-2,3,1
279,2026-05-20 16:35:00,2nd,0,0,0
279,2026-05-20 16:35:00,3rd,0,0,0
279,2026-05-20 16:35:00,4th,0,0,0
279,2026-05-20 16:35:00,5th,0,0,0
279,2026-05-20 16:35:00,6th,1,1,2
279,2026-05-20 16:35:00,7th,1,0,1
280,2026-05-20 13:35:00,1st,0,2,2
280,2026-05-20 13:35:00,2nd,0,0,0
280,2026-05-20 13:35:00,3rd,2,0,2
280,2026-05-20 13:35:00,4th,1,0,1
280,2026-05-20 13:35:00,5th,-1,1,0
280,2026-05-20 13:35:00,6th,0,0,0
280,2026-05-20 13:35:00,7th,0,0,0
281,2026-05-21 00:20:00,1st,2,1,3
281,2026-05-21 00:20:00,2nd,0,0,0
281,2026-05-21 00:20:00,3rd,0,0,0
281,2026-05-21 00:20:00,4th,0,0,0
281,2026-05-21 00:20:00,5th,0,0,0
281,2026-05-21 00:20:00,6th,0,0,0
281,2026-05-21 00:20:00,7th,0,0,0
282,2026-05-21 08:35:00,1st,0,1,1
282,2026-05-21 08:35:00,2nd,0,1,1
282,2026-05-21 08:35:00,3rd,0,0,0
282,2026-05-21 08:35:00,4th,0,0,0
282,2026-05-21 08:35:00,5th,0,0,0
282,2026-05-21 08:35:00,6th,0,0,0
282,2026-05-21 08:35:00,7th,0,0,0
283,2026-05-21 07:35:00,1st,0,1,1
283,2026-05-21 07:35:00,2nd,2,0,2
283,2026-05-21 07:35:00,3rd,0,0,0
283,2026-05-21 07:35:00,4th,0,0,0
283,2026-05-21 07:35:00,5th,0,0,0
283,2026-05-21 07:35:00,6th,0,0,0
283,2026-05-21 07:35:00,7th,-1,1,0
284,2026-05-20 08:35:00,1st,1,1,2
284,2026-05-20 08:35:00,2nd,0,0,0
284,2026-05-20 08:35:00,3rd,1,0,1
284,2026-05-20 08:35:00,4th,0,0,0
284,2026-05-20 08:35:00,5th,0,0,0
284,2026-05-20 08:35:00,6th,0,0,0
284,2026-05-20 08:35:00,7th,0,0,0
285,2026-05-20 06:30:00,1st,0,0,0
285,2026-05-20 06:30:00,2nd,0,0,0
285,2026-05-20 06:30:00,3rd,0,0,0
285,2026-05-20 06:30:00,4th,0,0,0
285,2026-05-20 06:30:00,5th,0,0,0
285,2026-05-20 06:30:00,6th,0,0,0
285,2026-05-20 06:30:00,7th,1,0,1
286,2026-05-21 06:35:00,1st,0,0,0
286,2026-05-21 06:35:00,2nd,-1,1,0
286,2026-05-21 06:35:00,3rd,1,0,1
286,2026-05-21 06:35:00,4th,0,0,0
286,2026-05-21 06:35:00,5th,1,0,1
286,2026-05-21 06:35:00,6th,-1,1,0
286,2026-05-21 06:35:00,7th,0,0,0
287,2026-05-20 11:20:00,1st,-4,4,0
287,2026-05-20 11:20:00,2nd,1,0,1
287,2026-05-20 11:20:00,3rd,0,0,0
287,2026-05-20 11:20:00,4th,0,0,0
287,2026-05-20 11:20:00,5th,0,0,0
287,2026-05-20 11:20:00,6th,0,1,1
287,2026-05-20 11:20:00,7th,0,0,0
288,2026-05-20 10:20:00,1st,-1,1,0
288,2026-05-20 10:20:00,2nd,0,0,0
288,2026-05-20 10:20:00,3rd,-1,1,0
288,2026-05-20 10:20:00,4th,0,0,0
288,2026-05-20 10:20:00,5th,0,0,0
288,2026-05-20 10:20:00,6th,0,1,1
288,2026-05-20 10:20:00,7th,2,0,2
289,2026-05-21 09:20:00,1st,2,0,2
289,2026-05-21 09:20:00,2nd,0,1,1
289,2026-05-21 09:20:00,3rd,0,0,0
289,2026-05-21 09:20:00,4th,0,0,0
289,2026-05-21 09:20:00,5th,0,0,0
289,2026-05-21 09:20:00,6th,0,0,0
289,2026-05-21 09:20:00,7th,0,0,0
290,2026-05-20 11:20:00,1st,-4,4,0
290,2026-05-20 11:20:00,2nd,1,0,1
290,2026-05-20 11:20:00,3rd,0,0,0
290,2026-05-20 11:20:00,4th,0,0,0
290,2026-05-20 11:20:00,5th,0,0,0
290,2026-05-20 11:20:00,6th,0,1,1
290,2026-05-20 11:20:00,7th,0,0,0
291,2026-05-21 06:35:00,1st,0,0,0
291,2026-05-21 06:35:00,2nd,-1,1,0
291,2026-05-21 06:35:00,3rd,1,0,1
291,2026-05-21 06:35:00,4th,0,0,0
291,2026-05-21 06:35:00,5th,1,0,1
291,2026-05-21 06:35:00,6th,-1,1,0
291,2026-05-21 06:35:00,7th,0,0,0
292,2026-05-21 04:05:00,1st,0,0,0
292,2026-05-21 04:05:00,2nd,0,0,0
292,2026-05-21 04:05:00,3rd,0,0,0
292,2026-05-21 04:05:00,4th,1,0,1
292,2026-05-21 04:05:00,5th,0,0,0
292,2026-05-21 04:05:00,6th,0,0,0
292,2026-05-21 04:05:00,7th,0,0,0
293,2026-05-20 11:50:00,1st,-2,2,0
293,2026-05-20 11:50:00,2nd,-1,1,0
293,2026-05-20 11:50:00,3rd,0,0,0
293,2026-05-20 11:50:00,4th,0,0,0
293,2026-05-20 11:50:00,5th,-1,1,0
293,2026-05-20 11:50:00,6th,-1,1,0
293,2026-05-20 11:50:00,7th,-1,1,0
294,2026-05-21 07:35:00,1st,0,1,1
294,2026-05-21 07:35:00,2nd,2,0,2
294,2026-05-21 07:35:00,3rd,0,0,0
294,2026-05-21 07:35:00,4th,0,0,0
294,2026-05-21 07:35:00,5th,0,0,0
294,2026-05-21 07:35:00,6th,0,0,0
294,2026-05-21 07:35:00,7th,-1,1,0
295,2026-05-20 23:05:00,1st,-1,3,2
295,2026-05-20 23:05:00,2nd,3,0,3
295,2026-05-20 23:05:00,3rd,-1,1,0
295,2026-05-20 23:05:00,4th,0,0,0
295,2026-05-20 23:05:00,5th,0,0,0
295,2026-05-20 23:05:00,6th,2,0,2
295,2026-05-20 23:05:00,7th,0,2,2
296,2026-05-20 18:50:00,1st,1,0,1
296,2026-05-20 18:50:00,2nd,0,1,1
296,2026-05-20 18:50:00,3rd,2,0,2
296,2026-05-20 18:50:00,4th,0,0,0
296,2026-05-20 18:50:00,5th,0,0,0
296,2026-05-20 18:50:00,6th,0,1,1
296,2026-05-20 18:50:00,7th,0,0,0
297,2026-05-20 19:35:00,1st,-3,5,2
297,2026-05-20 19:35:00,2nd,0,0,0
297,2026-05-20 19:35:00,3rd,1,0,1
297,2026-05-20 19:35:00,4th,0,0,0
297,2026-05-20 19:35:00,5th,0,1,1
297,2026-05-20 19:35:00,6th,0,0,0
297,2026-05-20 19:35:00,7th,0,0,0
298,2026-05-20 07:35:00,1st,1,1,2
298,2026-05-20 07:35:00,2nd,0,0,0
298,2026-05-20 07:35:00,3rd,0,0,0
298,2026-05-20 07:35:00,4th,0,0,0
298,2026-05-20 07:35:00,5th,-1,1,0
298,2026-05-20 07:35:00,6th,0,1,1
298,2026-05-20 07:35:00,7th,1,0,1
299,2026-05-21 07:05:00,1st,0,0,0
299,2026-05-21 07:05:00,2nd,0,0,0
299,2026-05-21 07:05:00,3rd,0,1,1
299,2026-05-21 07:05:00,4th,0,0,0
299,2026-05-21 07:05:00,5th,0,0,0
299,2026-05-21 07:05:00,6th,0,0,0
299,2026-05-21 07:05:00,7th,0,0,0
300,2026-05-20 14:50:00,1st,0,2,2
300,2026-05-20 14:50:00,2nd,1,0,1
300,2026-05-20 14:50:00,3rd,-1,1,0
300,2026-05-20 14:50:00,4th,0,0,0
300,2026-05-20 14:50:00,5th,0,0,0
300,2026-05-20 14:50:00,6th,1,0,1
300,2026-05-20 14:50:00,7th,0,0,0
301,2026-05-20 13:50:00,1st,0,2,2
301,2026-05-20 13:50:00,2nd,-1,1,0
301,2026-05-20 13:50:00,3rd,0,0,0
301,2026-05-20 13:50:00,4th,0,0,0
301,2026-05-20 13:50:00,5th,0,0,0
301,2026-05-20 13:50:00,6th,1,3,4
301,2026-05-20 13:50:00,7th,3,0,3
302,2026-05-20 06:50:00,1st,0,0,0
302,2026-05-20 06:50:00,2nd,-1,1,0
302,2026-05-20 06:50:00,3rd,0,0,0
302,2026-05-20 06:50:00,4th,0,0,0
302,2026-05-20 06:50:00,5th,0,0,0
302,2026-05-20 06:50:00,6th,-2,2,0
302,2026-05-20 06:50:00,7th,-1,1,0
303,2026-05-20 13:35:00,1st,0,2,2
303,2026-05-20 13:35:00,2nd,0,0,0
303,2026-05-20 13:35:00,3rd,2,0,2
303,2026-05-20 13:35:00,4th,1,0,1
303,2026-05-20 13:35:00,5th,-1,1,0
303,2026-05-20 13:35:00,6th,0,0,0
303,2026-05-20 13:35:00,7th,0,0,0
304,2026-05-20 15:50:00,1st,-3,5,2
304,2026-05-20 15:50:00,2nd,-1,1,0
304,2026-05-20 15:50:00,3rd,0,0,0
304,2026-05-20 15:50:00,4th,0,0,0
304,2026-05-20 15:50:00,5th,0,0,0
304,2026-05-20 15:50:00,6th,1,1,2
304,2026-05-20 15:50:00,7th,-1,2,1
305,2026-05-20 07:35:00,1st,1,1,2
305,2026-05-20 07:35:00,2nd,0,0,0
305,2026-05-20 07:35:00,3rd,0,0,0
305,2026-05-20 07:35:00,4th,0,0,0
305,2026-05-20 07:35:00,5th,-1,1,0
305,2026-05-20 07:35:00,6th,0,1,1
305,2026-05-20 07:35:00,7th,1,0,1
306,2026-05-21 00:05:00,1st,-1,3,2
306,2026-05-21 00:05:00,2nd,0,0,0
306,2026-05-21 00:05:00,3rd,-1,1,0
306,2026-05-21 00:05:00,4th,0,0,0
306,2026-05-21 00:05:00,5th,0,0,0
306,2026-05-21 00:05:00,6th,2,0,2
306,2026-05-21 00:05:00,7th,0,0,0
307,2026-05-20 10:20:00,1st,-1,1,0
307,2026-05-20 10:20:00,2nd,0,0,0
307,2026-05-20 10:20:00,3rd,-1,1,0
307,2026-05-20 10:20:00,4th,0,0,0
307,2026-05-20 10:20:00,5th,0,0,0
307,2026-05-20 10:20:00,6th,0,1,1
307,2026-05-20 10:20:00,7th,2,0,2
308,2026-05-20 13:35:00,1st,0,2,2
308,2026-05-20 13:35:00,2nd,0,0,0
308,2026-05-20 13:35:00,3rd,2,0,2
308,2026-05-20 13:35:00,4th,1,0,1
308,2026-05-20 13:35:00,5th,-1,1,0
308,2026-05-20 13:35:00,6th,0,0,0
308,2026-05-20 13:35:00,7th,0,0,0
309,2026-05-20 19:20:00,1st,0,1,1
309,2026-05-20 19:20:00,2nd,0,0,0
309,2026-05-20 19:20:00,3rd,-1,1,0
309,2026-05-20 19:20:00,4th,0,0,0
309,2026-05-20 19:20:00,5th,0,0,0
309,2026-05-20 19:20:00,6th,0,0,0
309,2026-05-20 19:20:00,7th,1,1,2
310,2026-05-20 23:50:00,1st,-1,4,3
310,2026-05-20 23:50:00,2nd,0,2,2
310,2026-05-20 23:50:00,3rd,0,0,0
310,2026-05-20 23:50:00,4th,0,0,0
310,2026-05-20 23:50:00,5th,0,0,0
310,2026-05-20 23:50:00,6th,0,0,0
310,2026-05-20 23:50:00,7th,-1,1,0
311,2026-05-20 11:20:00,1st,-4,4,0
311,2026-05-20 11:20:00,2nd,1,0,1
311,2026-05-20 11:20:00,3rd,0,0,0
311,2026-05-20 11:20:00,4th,0,0,0
311,2026-05-20 11:20:00,5th,0,0,0
311,2026-05-20 11:20:00,6th,0,1,1
311,2026-05-20 11:20:00,7th,0,0,0
312,2026-05-21 08:50:00,1st,0,0,0
312,2026-05-21 08:50:00,2nd,-1,1,0
312,2026-05-21 08:50:00,3rd,-1,2,1
312,2026-05-21 08:50:00,4th,0,0,0
312,2026-05-21 08:50:00,5th,0,0,0
312,2026-05-21 08:50:00,6th,-1,1,0
312,2026-05-21 08:50:00,7th,0,0,0
313,2026-05-20 20:20:00,1st,0,2,2
313,2026-05-20 20:20:00,2nd,0,0,0
313,2026-05-20 20:20:00,3rd,0,1,1
313,2026-05-20 20:20:00,4th,0,0,0
313,2026-05-20 20:20:00,5th,2,0,2
313,2026-05-20 20:20:00,6th,2,2,4
313,2026-05-20 20:20:00,7th,0,0,0
314,2026-05-20 18:50:00,1st,1,0,1
314,2026-05-20 18:50:00,2nd,0,1,1
314,2026-05-20 18:50:00,3rd,2,0,2
314,2026-05-20 18:50:00,4th,0,0,0
314,2026-05-20 18:50:00,5th,0,0,0
314,2026-05-20 18:50:00,6th,0,1,1
314,2026-05-20 18:50:00,7th,0,0,0
315,2026-05-21 02:35:00,1st,0,0,0
315,2026-05-21 02:35:00,2nd,0,0,0
315,2026-05-21 02:35:00,3rd,0,0,0
315,2026-05-21 02:35:00,4th,0,0,0
315,2026-05-21 02:35:00,5th,0,1,1
315,2026-05-21 02:35:00,6th,0,2,2
315,2026-05-21 02:35:00,7th,0,0,0
316,2026-05-20 12:05:00,1st,0,2,2
316,2026-05-20 12:05:00,2nd,1,1,2
316,2026-05-20 12:05:00,3rd,-1,1,0
316,2026-05-20 12:05:00,4th,0,1,1
316,2026-05-20 12:05:00,5th,1,0,1
316,2026-05-20 12:05:00,6th,0,1,1
316,2026-05-20 12:05:00,7th,1,0,1
317,2026-05-20 14:05:00,1st,0,3,3
317,2026-05-20 14:05:00,2nd,2,1,3
317,2026-05-20 14:05:00,3rd,-1,2,1
317,2026-05-20 14:05:00,4th,0,0,0
317,2026-05-20 14:05:00,5th,0,0,0
317,2026-05-20 14:05:00,6th,-1,1,0
317,2026-05-20 14:05:00,7th,1,0,1
318,2026-05-21 08:35:00,1st,0,1,1
318,2026-05-21 08:35:00,2nd,0,1,1
318,2026-05-21 08:35:00,3rd,0,0,0
318,2026-05-21 08:35:00,4th,0,0,0
318,2026-05-21 08:35:00,5th,0,0,0
318,2026-05-21 08:35:00,6th,0,0,0
318,2026-05-21 08:35:00,7th,0,0,0
319,2026-05-21 01:20:00,1st,-1,1,0
319,2026-05-21 01:20:00,2nd,0,2,2
319,2026-05-21 01:20:00,3rd,0,0,0
319,2026-05-21 01:20:00,4th,0,0,0
319,2026-05-21 01:20:00,5th,0,0,0
319,2026-05-21 01:20:00,6th,0,0,0
319,2026-05-21 01:20:00,7th,0,0,0
320,2026-05-21 09:20:00,1st,2,0,2
320,2026-05-21 09:20:00,2nd,0,1,1
320,2026-05-21 09:20:00,3rd,0,0,0
320,2026-05-21 09:20:00,4th,0,0,0
320,2026-05-21 09:20:00,5th,0,0,0
320,2026-05-21 09:20:00,6th,0,0,0
320,2026-05-21 09:20:00,7th,0,0,0
321,2026-05-20 23:20:00,1st,-2,4,2
321,2026-05-20 23:20:00,2nd,0,1,1
321,2026-05-20 23:20:00,3rd,0,0,0
321,2026-05-20 23:20:00,4th,0,0,0
321,2026-05-20 23:20:00,5th,0,0,0
321,2026-05-20 23:20:00,6th,0,0,0
321,2026-05-20 23:20:00,7th,1,0,1
322,2026-05-20 10:05:00,1st,2,0,2
322,2026-05-20 10:05:00,2nd,-1,1,0
322,2026-05-20 10:05:00,3rd,0,0,0
322,2026-05-20 10:05:00,4th,0,0,0
322,2026-05-20 10:05:00,5th,0,0,0
322,2026-05-20 10:05:00,6th,0,1,1
322,2026-05-20 10:05:00,7th,0,1,1
323,2026-05-21 02:50:00,1st,0,0,0
323,2026-05-21 02:50:00,2nd,0,0,0
323,2026-05-21 02:50:00,3rd,0,0,0
323,2026-05-21 02:50:00,4th,0,0,0
323,2026-05-21 02:50:00,5th,0,0,0
323,2026-05-21 02:50:00,6th,0,2,2
323,2026-05-21 02:50:00,7th,0,0,0
324,2026-05-21 07:50:00,1st,0,0,0
324,2026-05-21 07:50:00,2nd,-1,1,0
324,2026-05-21 07:50:00,3rd,0,0,0
324,2026-05-21 07:50:00,4th,0,0,0
324,2026-05-21 07:50:00,5th,1,1,2
324,2026-05-21 07:50:00,6th,0,0,0
324,2026-05-21 07:50:00,7th,-1,1,0
325,2026-05-20 09:50:00,1st,-2,6,4
325,2026-05-20 09:50:00,2nd,0,0,0
325,2026-05-20 09:50:00,3rd,-1,1,0
325,2026-05-20 09:50:00,4th,0,0,0
325,2026-05-20 09:50:00,5th,0,0,0
325,2026-05-20 09:50:00,6th,0,0,0
325,2026-05-20 09:50:00,7th,0,0,0
326,2026-05-20 14:20:00,1st,0,2,2
326,2026-05-20 14:20:00,2nd,-2,3,1
326,2026-05-20 14:20:00,3rd,0,0,0
326,2026-05-20 14:20:00,4th,0,0,0
326,2026-05-20 14:20:00,5th,0,0,0
326,2026-05-20 14:20:00,6th,0,1,1
326,2026-05-20 14:20:00,7th,0,0,0
327,2026-05-21 04:05:00,1st,0,0,0
327,2026-05-21 04:05:00,2nd,0,0,0
327,2026-05-21 04:05:00,3rd,0,0,0
327,2026-05-21 04:05:00,4th,1,0,1
327,2026-05-21 04:05:00,5th,0,0,0
327,2026-05-21 04:05:00,6th,0,0,0
327,2026-05-21 04:05:00,7th,0,0,0
328,2026-05-20 09:50:00,1st,-2,6,4
328,2026-05-20 09:50:00,2nd,0,0,0
328,2026-05-20 09:50:00,3rd,-1,1,0
328,2026-05-20 09:50:00,4th,0,0,0
328,2026-05-20 09:50:00,5th,0,0,0
328,2026-05-20 09:50:00,6th,0,0,0
328,2026-05-20 09:50:00,7th,0,0,0
329,2026-05-21 09:50:00,1st,0,1,1
329,2026-05-21 09:50:00,2nd,1,1,2
329,2026-05-21 09:50:00,3rd,0,0,0
329,2026-05-21 09:50:00,4th,0,0,0
329,2026-05-21 09:50:00,5th,0,0,0
329,2026-05-21 09:50:00,6th,0,0,0
329,2026-05-21 09:50:00,7th,0,0,0
330,2026-05-20 09:35:00,1st,0,1,1
330,2026-05-20 09:35:00,2nd,0,0,0
330,2026-05-20 09:35:00,3rd,0,0,0
330,2026-05-20 09:35:00,4th,0,0,0
330,2026-05-20 09:35:00,5th,0,0,0
330,2026-05-20 09:35:00,6th,2,0,2
330,2026-05-20 09:35:00,7th,0,0,0
331,2026-05-20 07:05:00,1st,3,3,6
331,2026-05-20 07:05:00,2nd,-1,1,0
331,2026-05-20 07:05:00,3rd,0,0,0
331,2026-05-20 07:05:00,4th,0,0,0
331,2026-05-20 07:05:00,5th,0,0,0
331,2026-05-20 07:05:00,6th,-1,2,1
331,2026-05-20 07:05:00,7th,0,0,0
332,2026-05-21 03:05:00,1st,0,0,0
332,2026-05-21 03:05:00,2nd,0,0,0
332,2026-05-21 03:05:00,3rd,0,0,0
332,2026-05-21 03:05:00,4th,1,0,1
332,2026-05-21 03:05:00,5th,0,0,0
332,2026-05-21 03:05:00,6th,0,0,0
332,2026-05-21 03:05:00,7th,0,0,0
333,2026-05-20 06:30:00,1st,0,0,0
333,2026-05-20 06:30:00,2nd,0,0,0
333,2026-05-20 06:30:00,3rd,0,0,0
333,2026-05-20 06:30:00,4th,0,0,0
333,2026-05-20 06:30:00,5th,0,0,0
333,2026-05-20 06:30:00,6th,0,0,0
333,2026-05-20 06:30:00,7th,1,0,1
334,2026-05-20 08:50:00,1st,0,0,0
334,2026-05-20 08:50:00,2nd,-1,1,0
334,2026-05-20 08:50:00,3rd,0,0,0
334,2026-05-20 08:50:00,4th,0,0,0
334,2026-05-20 08:50:00,5th,0,0,0
334,2026-05-20 08:50:00,6th,0,0,0
334,2026-05-20 08:50:00,7th,-1,1,0
335,2026-05-21 00:35:00,1st,-1,3,2
335,2026-05-21 00:35:00,2nd,0,0,0
335,2026-05-21 00:35:00,3rd,0,2,2
335,2026-05-21 00:35:00,4th,0,0,0
335,2026-05-21 00:35:00,5th,0,0,0
335,2026-05-21 00:35:00,6th,0,0,0
335,2026-05-21 00:35:00,7th,0,0,0
336,2026-05-21 03:05:00,1st,0,0,0
336,2026-05-21 03:05:00,2nd,0,0,0
336,2026-05-21 03:05:00,3rd,0,0,0
336,2026-05-21 03:05:00,4th,1,0,1
336,2026-05-21 03:05:00,5th,0,0,0
336,2026-05-21 03:05:00,6th,0,0,0
336,2026-05-21 03:05:00,7th,0,0,0
337,2026-05-21 07:20:00,1st,0,0,0
337,2026-05-21 07:20:00,2nd,0,0,0
337,2026-05-21 07:20:00,3rd,0,0,0
337,2026-05-21 07:20:00,4th,0,0,0
337,2026-05-21 07:20:00,5th,0,1,1
337,2026-05-21 07:20:00,6th,-1,1,0
337,2026-05-21 07:20:00,7th,0,0,0
338,2026-05-20 12:50:00,1st,-2,3,1
338,2026-05-20 12:50:00,2nd,0,0,0
338,2026-05-20 12:50:00,3rd,0,0,0
338,2026-05-20 12:50:00,4th,0,0,0
338,2026-05-20 12:50:00,5th,-1,1,0
338,2026-05-20 12:50:00,6th,0,0,0
338,2026-05-20 12:50:00,7th,0,0,0
339,2026-05-21 05:35:00,1st,-1,1,0
339,2026-05-21 05:35:00,2nd,-1,1,0
339,2026-05-21 05:35:00,3rd,0,0,0
339,2026-05-21 05:35:00,4th,0,0,0
339,2026-05-21 05:35:00,5th,0,0,0
339,2026-05-21 05:35:00,6th,0,1,1
339,2026-05-21 05:35:00,7th,0,0,0
340,2026-05-20 17:35:00,1st,0,2,2
340,2026-05-20 17:35:00,2nd,0,0,0
340,2026-05-20 17:35:00,3rd,0,1,1
340,2026-05-20 17:35:00,4th,0,0,0
340,2026-05-20 17:35:00,5th,0,0,0
340,2026-05-20 17:35:00,6th,-1,1,0
340,2026-05-20 17:35:00,7th,1,0,1
341,2026-05-21 03:50:00,1st,0,0,0
341,2026-05-21 03:50:00,2nd,0,0,0
341,2026-05-21 03:50:00,3rd,0,0,0
341,2026-05-21 03:50:00,4th,-1,1,0
341,2026-05-21 03:50:00,5th,0,0,0
341,2026-05-21 03:50:00,6th,0,0,0
341,2026-05-21 03:50:00,7th,0,0,0
342,2026-05-20 10:20:00,1st,-1,1,0
342,2026-05-20 10:20:00,2nd,0,0,0
342,2026-05-20 10:20:00,3rd,-1,1,0
342,2026-05-20 10:20:00,4th,0,0,0
342,2026-05-20 10:20:00,5th,0,0,0
342,2026-05-20 10:20:00,6th,0,1,1
342,2026-05-20 10:20:00,7th,2,0,2
343,2026-05-21 01:50:00,1st,0,0,0
343,2026-05-21 01:50:00,2nd,0,0,0
343,2026-05-21 01:50:00,3rd,0,0,0
343,2026-05-21 01:50:00,4th,0,0,0
343,2026-05-21 01:50:00,5th,0,0,0
343,2026-05-21 01:50:00,6th,0,0,0
343,2026-05-21 01:50:00,7th,0,1,1
344,2026-05-20 23:50:00,1st,-1,4,3
344,2026-05-20 23:50:00,2nd,0,2,2
344,2026-05-20 23:50:00,3rd,0,0,0
344,2026-05-20 23:50:00,4th,0,0,0
344,2026-05-20 23:50:00,5th,0,0,0
344,2026-05-20 23:50:00,6th,0,0,0
344,2026-05-20 23:50:00,7th,-1,1,0
345,2026-05-20 17:20:00,1st,-1,2,1
345,2026-05-20 17:20:00,2nd,0,0,0
345,2026-05-20 17:20:00,3rd,-1,1,0
345,2026-05-20 17:20:00,4th,0,0,0
345,2026-05-20 17:20:00,5th,0,0,0
345,2026-05-20 17:20:00,6th,0,0,0
345,2026-05-20 17:20:00,7th,1,1,2
346,2026-05-20 18:35:00,1st,-4,6,2
346,2026-05-20 18:35:00,2nd,0,0,0
346,2026-05-20 18:35:00,3rd,0,0,0
346,2026-05-20 18:35:00,4th,0,0,0
346,2026-05-20 18:35:00,5th,0,0,0
346,2026-05-20 18:35:00,6th,0,0,0
346,2026-05-20 18:35:00,7th,0,0,0
347,2026-05-20 11:05:00,1st,1,5,6
347,2026-05-20 11:05:00,2nd,-1,1,0
347,2026-05-20 11:05:00,3rd,0,0,0
347,2026-05-20 11:05:00,4th,0,0,0
347,2026-05-20 11:05:00,5th,0,0,0
347,2026-05-20 11:05:00,6th,1,1,2
347,2026-05-20 11:05:00,7th,0,0,0
348,2026-05-20 17:05:00,1st,1,0,1
348,2026-05-20 17:05:00,2nd,-1,1,0
348,2026-05-20 17:05:00,3rd,-1,1,0
348,2026-05-20 17:05:00,4th,0,0,0
348,2026-05-20 17:05:00,5th,0,0,0
348,2026-05-20 17:05:00,6th,1,0,1
348,2026-05-20 17:05:00,7th,0,0,0
349,2026-05-20 22:50:00,1st,-2,3,1
349,2026-05-20 22:50:00,2nd,-1,2,1
349,2026-05-20 22:50:00,3rd,1,0,1
349,2026-05-20 22:50:00,4th,0,0,0
349,2026-05-20 22:50:00,5th,0,0,0
349,2026-05-20 22:50:00,6th,0,1,1
349,2026-05-20 22:50:00,7th,0,0,0
350,2026-05-21 05:20:00,1st,1,0,1
350,2026-05-21 05:20:00,2nd,0,0,0
350,2026-05-21 05:20:00,3rd,0,0,0
350,2026-05-21 05:20:00,4th,0,0,0
350,2026-05-21 05:20:00,5th,0,0,0
350,2026-05-21 05:20:00,6th,0,1,1
350,2026-05-21 05:20:00,7th,0,0,0
351,2026-05-20 22:20:00,1st,-4,4,0
351,2026-05-20 22:20:00,2nd,0,0,0
351,2026-05-20 22:20:00,3rd,1,0,1
351,2026-05-20 22:20:00,4th,0,0,0
351,2026-05-20 22:20:00,5th,0,0,0
351,2026-05-20 22:20:00,6th,-1,1,0
351,2026-05-20 22:20:00,7th,-1,2,1
352,2026-05-20 18:50:00,1st,1,0,1
352,2026-05-20 18:50:00,2nd,0,1,1
352,2026-05-20 18:50:00,3rd,2,0,2
352,2026-05-20 18:50:00,4th,0,0,0
352,2026-05-20 18:50:00,5th,0,0,0
352,2026-05-20 18:50:00,6th,0,1,1
352,2026-05-20 18:50:00,7th,0,0,0
353,2026-05-21 01:35:00,1st,1,0,1
353,2026-05-21 01:35:00,2nd,0,0,0
353,2026-05-21 01:35:00,3rd,0,0,0
353,2026-05-21 01:35:00,4th,0,0,0
353,2026-05-21 01:35:00,5th,0,0,0
353,2026-05-21 01:35:00,6th,0,0,0
353,2026-05-21 01:35:00,7th,0,1,1
354,2026-05-21 00:50:00,1st,-1,4,3
354,2026-05-21 00:50:00,2nd,1,0,1
354,2026-05-21 00:50:00,3rd,0,3,3
354,2026-05-21 00:50:00,4th,1,0,1
354,2026-05-21 00:50:00,5th,0,0,0
354,2026-05-21 00:50:00,6th,0,0,0
354,2026-05-21 00:50:00,7th,0,0,0
355,2026-05-21 09:20:00,1st,2,0,2
355,2026-05-21 09:20:00,2nd,0,1,1
355,2026-05-21 09:20:00,3rd,0,0,0
355,2026-05-21 09:20:00,4th,0,0,0
355,2026-05-21 09:20:00,5th,0,0,0
355,2026-05-21 09:20:00,6th,0,0,0
355,2026-05-21 09:20:00,7th,0,0,0
356,2026-05-21 04:05:00,1st,0,0,0
356,2026-05-21 04:05:00,2nd,0,0,0
356,2026-05-21 04:05:00,3rd,0,0,0
356,2026-05-21 04:05:00,4th,1,0,1
356,2026-05-21 04:05:00,5th,0,0,0
356,2026-05-21 04:05:00,6th,0,0,0
356,2026-05-21 04:05:00,7th,0,0,0
357,2026-05-20 08:20:00,1st,0,1,1
357,2026-05-20 08:20:00,2nd,0,0,0
357,2026-05-20 08:20:00,3rd,-1,1,0
357,2026-05-20 08:20:00,4th,0,0,0
357,2026-05-20 08:20:00,5th,0,0,0
357,2026-05-20 08:20:00,6th,0,0,0
357,2026-05-20 08:20:00,7th,0,0,0
358,2026-05-20 22:50:00,1st,-2,3,1
358,2026-05-20 22:50:00,2nd,-1,2,1
358,2026-05-20 22:50:00,3rd,1,0,1
358,2026-05-20 22:50:00,4th,0,0,0
358,2026-05-20 22:50:00,5th,0,0,0
358,2026-05-20 22:50:00,6th,0,1,1
358,2026-05-20 22:50:00,7th,0,0,0
359,2026-05-21 01:35:00,1st,1,0,1
359,2026-05-21 01:35:00,2nd,0,0,0
359,2026-05-21 01:35:00,3rd,0,0,0
359,2026-05-21 01:35:00,4th,0,0,0
359,2026-05-21 01:35:00,5th,0,0,0
359,2026-05-21 01:35:00,6th,0,0,0
359,2026-05-21 01:35:00,7th,0,1,1
360,2026-05-21 09:35:00,1st,-1,1,0
360,2026-05-21 09:35:00,2nd,1,0,1
360,2026-05-21 09:35:00,3rd,0,0,0
360,2026-05-21 09:35:00,4th,0,0,0
360,2026-05-21 09:35:00,5th,0,0,0
360,2026-05-21 09:35:00,6th,0,0,0
360,2026-05-21 09:35:00,7th,0,0,0
361,2026-05-21 03:05:00,1st,0,0,0
361,2026-05-21 03:05:00,2nd,0,0,0
361,2026-05-21 03:05:00,3rd,0,0,0
361,2026-05-21 03:05:00,4th,1,0,1
361,2026-05-21 03:05:00,5th,0,0,0
361,2026-05-21 03:05:00,6th,0,0,0
361,2026-05-21 03:05:00,7th,0,0,0
362,2026-05-20 21:05:00,1st,-4,4,0
362,2026-05-20 21:05:00,2nd,1,0,1
362,2026-05-20 21:05:00,3rd,2,0,2
362,2026-05-20 21:05:00,4th,0,0,0
362,2026-05-20 21:05:00,5th,0,0,0
362,2026-05-20 21:05:00,6th,0,1,1
362,2026-05-20 21:05:00,7th,-1,2,1
363,2026-05-20 07:35:00,1st,1,1,2
363,2026-05-20 07:35:00,2nd,0,0,0
363,2026-05-20 07:35:00,3rd,0,0,0
363,2026-05-20 07:35:00,4th,0,0,0
363,2026-05-20 07:35:00,5th,-1,1,0
363,2026-05-20 07:35:00,6th,0,1,1
363,2026-05-20 07:35:00,7th,1,0,1
364,2026-05-20 12:20:00,1st,0,0,0
364,2026-05-20 12:20:00,2nd,-1,1,0
364,2026-05-20 12:20:00,3rd,0,0,0
364,2026-05-20 12:20:00,4th,1,0,1
364,2026-05-20 12:20:00,5th,0,0,0
364,2026-05-20 12:20:00,6th,1,1,2
364,2026-05-20 12:20:00,7th,0,0,0
365,2026-05-21 03:05:00,1st,0,0,0
365,2026-05-21 03:05:00,2nd,0,0,0
365,2026-05-21 03:05:00,3rd,0,0,0
365,2026-05-21 03:05:00,4th,1,0,1
365,2026-05-21 03:05:00,5th,0,0,0
365,2026-05-21 03:05:00,6th,0,0,0
365,2026-05-21 03:05:00,7th,0,0,0
366,2026-05-20 20:50:00,1st,0,1,1
366,2026-05-20 20:50:00,2nd,0,0,0
366,2026-05-20 20:50:00,3rd,-1,1,0
366,2026-05-20 20:50:00,4th,-1,1,0
366,2026-05-20 20:50:00,5th,0,0,0
366,2026-05-20 20:50:00,6th,0,1,1
366,2026-05-20 20:50:00,7th,0,0,0
367,2026-05-21 00:50:00,1st,-1,4,3
367,2026-05-21 00:50:00,2nd,1,0,1
367,2026-05-21 00:50:00,3rd,0,3,3
367,2026-05-21 00:50:00,4th,1,0,1
367,2026-05-21 00:50:00,5th,0,0,0
367,2026-05-21 00:50:00,6th,0,0,0
367,2026-05-21 00:50:00,7th,0,0,0
368,2026-05-20 13:05:00,1st,1,0,1
368,2026-05-20 13:05:00,2nd,1,0,1
368,2026-05-20 13:05:00,3rd,1,0,1
368,2026-05-20 13:05:00,4th,0,0,0
368,2026-05-20 13:05:00,5th,0,0,0
368,2026-05-20 13:05:00,6th,0,0,0
368,2026-05-20 13:05:00,7th,-1,2,1
369,2026-05-21 04:50:00,1st,0,0,0
369,2026-05-21 04:50:00,2nd,-1,1,0
369,2026-05-21 04:50:00,3rd,0,0,0
369,2026-05-21 04:50:00,4th,0,0,0
369,2026-05-21 04:50:00,5th,0,0,0
369,2026-05-21 04:50:00,6th,-1,1,0
369,2026-05-21 04:50:00,7th,0,0,0
370,2026-05-20 08:35:00,1st,1,1,2
370,2026-05-20 08:35:00,2nd,0,0,0
370,2026-05-20 08:35:00,3rd,1,0,1
370,2026-05-20 08:35:00,4th,0,0,0
370,2026-05-20 08:35:00,5th,0,0,0
370,2026-05-20 08:35:00,6th,0,0,0
370,2026-05-20 08:35:00,7th,0,0,0
371,2026-05-21 10:05:00,1st,0,0,0
371,2026-05-21 10:05:00,2nd,0,0,0
371,2026-05-21 10:05:00,3rd,0,0,0
371,2026-05-21 10:05:00,4th,0,0,0
371,2026-05-21 10:05:00,5th,0,0,0
371,2026-05-21 10:05:00,6th,-1,2,1
371,2026-05-21 10:05:00,7th,0,0,0
372,2026-05-21 02:50:00,1st,0,0,0
372,2026-05-21 02:50:00,2nd,0,0,0
372,2026-05-21 02:50:00,3rd,0,0,0
372,2026-05-21 02:50:00,4th,0,0,0
372,2026-05-21 02:50:00,5th,0,0,0
372,2026-05-21 02:50:00,6th,0,2,2
372,2026-05-21 02:50:00,7th,0,0,0
373,2026-05-21 00:50:00,1st,-1,4,3
373,2026-05-21 00:50:00,2nd,1,0,1
373,2026-05-21 00:50:00,3rd,0,3,3
373,2026-05-21 00:50:00,4th,1,0,1
373,2026-05-21 00:50:00,5th,0,0,0
373,2026-05-21 00:50:00,6th,0,0,0
373,2026-05-21 00:50:00,7th,0,0,0
374,2026-05-20 13:35:00,1st,0,2,2
374,2026-05-20 13:35:00,2nd,0,0,0
374,2026-05-20 13:35:00,3rd,2,0,2
374,2026-05-20 13:35:00,4th,1,0,1
374,2026-05-20 13:35:00,5th,-1,1,0
374,2026-05-20 13:35:00,6th,0,0,0
374,2026-05-20 13:35:00,7th,0,0,0
375,2026-05-21 05:05:00,1st,1,1,2
375,2026-05-21 05:05:00,2nd,0,0,0
375,2026-05-21 05:05:00,3rd,-1,2,1
375,2026-05-21 05:05:00,4th,0,0,0
375,2026-05-21 05:05:00,5th,0,0,0
375,2026-05-21 05:05:00,6th,1,0,1
375,2026-05-21 05:05:00,7th,1,0,1
376,2026-05-20 14:50:00,1st,0,2,2
376,2026-05-20 14:50:00,2nd,1,0,1
376,2026-05-20 14:50:00,3rd,-1,1,0
376,2026-05-20 14:50:00,4th,0,0,0
376,2026-05-20 14:50:00,5th,0,0,0
376,2026-05-20 14:50:00,6th,1,0,1
376,2026-05-20 14:50:00,7th,0,0,0
377,2026-05-21 06:20:00,1st,0,0,0
377,2026-05-21 06:20:00,2nd,0,0,0
377,2026-05-21 06:20:00,3rd,0,1,1
377,2026-05-21 06:20:00,4th,0,0,0
377,2026-05-21 06:20:00,5th,0,1,1
377,2026-05-21 06:20:00,6th,-1,2,1
377,2026-05-21 06:20:00,7th,0,0,0
378,2026-05-21 10:20:00,1st,0,1,1
378,2026-05-21 10:20:00,2nd,-1,1,0
378,2026-05-21 10:20:00,3rd,0,0,0
378,2026-05-21 10:20:00,4th,0,0,0
378,2026-05-21 10:20:00,5th,0,0,0
378,2026-05-21 10:20:00,6th,0,1,1
378,2026-05-21 10:20:00,7th,-1,1,0
379,2026-05-21 06:35:00,1st,0,0,0
379,2026-05-21 06:35:00,2nd,-1,1,0
379,2026-05-21 06:35:00,3rd,1,0,1
379,2026-05-21 06:35:00,4th,0,0,0
379,2026-05-21 06:35:00,5th,1,0,1
379,2026-05-21 06:35:00,6th,-1,1,0
379,2026-05-21 06:35:00,7th,0,0,0
380,2026-05-20 17:05:00,1st,1,0,1
380,2026-05-20 17:05:00,2nd,-1,1,0
380,2026-05-20 17:05:00,3rd,-1,1,0
380,2026-05-20 17:05:00,4th,0,0,0
380,2026-05-20 17:05:00,5th,0,0,0
380,2026-05-20 17:05:00,6th,1,0,1
380,2026-05-20 17:05:00,7th,0,0,0
381,2026-05-21 07:50:00,1st,0,0,0
381,2026-05-21 07:50:00,2nd,-1,1,0
381,2026-05-21 07:50:00,3rd,0,0,0
381,2026-05-21 07:50:00,4th,0,0,0
381,2026-05-21 07:50:00,5th,1,1,2
381,2026-05-21 07:50:00,6th,0,0,0
381,2026-05-21 07:50:00,7th,-1,1,0
382,2026-05-20 18:20:00,1st,-1,2,1
382,2026-05-20 18:20:00,2nd,-1,1,0
382,2026-05-20 18:20:00,3rd,0,0,0
382,2026-05-20 18:20:00,4th,0,0,0
382,2026-05-20 18:20:00,5th,0,0,0
382,2026-05-20 18:20:00,6th,1,1,2
382,2026-05-20 18:20:00,7th,0,0,0
383,2026-05-21 05:35:00,1st,-1,1,0
383,2026-05-21 05:35:00,2nd,-1,1,0
383,2026-05-21 05:35:00,3rd,0,0,0
383,2026-05-21 05:35:00,4th,0,0,0
383,2026-05-21 05:35:00,5th,0,0,0
383,2026-05-21 05:35:00,6th,0,1,1
383,2026-05-21 05:35:00,7th,0,0,0
384,2026-05-21 08:35:00,1st,0,1,1
384,2026-05-21 08:35:00,2nd,0,1,1
384,2026-05-21 08:35:00,3rd,0,0,0
384,2026-05-21 08:35:00,4th,0,0,0
384,2026-05-21 08:35:00,5th,0,0,0
384,2026-05-21 08:35:00,6th,0,0,0
384,2026-05-21 08:35:00,7th,0,0,0
385,2026-05-20 16:50:00,1st,-1,1,0
385,2026-05-20 16:50:00,2nd,0,0,0
385,2026-05-20 16:50:00,3rd,0,0,0
385,2026-05-20 16:50:00,4th,-1,1,0
385,2026-05-20 16:50:00,5th,0,0,0
385,2026-05-20 16:50:00,6th,-1,1,0
385,2026-05-20 16:50:00,7th,0,0,0
386,2026-05-21 04:50:00,1st,0,0,0
386,2026-05-21 04:50:00,2nd,-1,1,0
386,2026-05-21 04:50:00,3rd,0,0,0
386,2026-05-21 04:50:00,4th,0,0,0
386,2026-05-21 04:50:00,5th,0,0,0
386,2026-05-21 04:50:00,6th,-1,1,0
386,2026-05-21 04:50:00,7th,0,0,0
387,2026-05-21 10:20:00,1st,0,1,1
387,2026-05-21 10:20:00,2nd,-1,1,0
387,2026-05-21 10:20:00,3rd,0,0,0
387,2026-05-21 10:20:00,4th,0,0,0
387,2026-05-21 10:20:00,5th,0,0,0
387,2026-05-21 10:20:00,6th,0,1,1
387,2026-05-21 10:20:00,7th,-1,1,0
388,2026-05-21 06:35:00,1st,0,0,0
388,2026-05-21 06:35:00,2nd,-1,1,0
388,2026-05-21 06:35:00,3rd,1,0,1
388,2026-05-21 06:35:00,4th,0,0,0
388,2026-05-21 06:35:00,5th,1,0,1
388,2026-05-21 06:35:00,6th,-1,1,0
388,2026-05-21 06:35:00,7th,0,0,0
389,2026-05-20 11:50:00,1st,-2,2,0
389,2026-05-20 11:50:00,2nd,-1,1,0
389,2026-05-20 11:50:00,3rd,0,0,0
389,2026-05-20 11:50:00,4th,0,0,0
389,2026-05-20 11:50:00,5th,-1,1,0
389,2026-05-20 11:50:00,6th,-1,1,0
389,2026-05-20 11:50:00,7th,-1,1,0
390,2026-05-20 19:05:00,1st,-1,2,1
390,2026-05-20 19:05:00,2nd,-1,1,0
390,2026-05-20 19:05:00,3rd,0,0,0
390,2026-05-20 19:05:00,4th,0,0,0
390,2026-05-20 19:05:00,5th,0,0,0
390,2026-05-20 19:05:00,6th,1,0,1
390,2026-05-20 19:05:00,7th,-1,1,0
391,2026-05-20 18:20:00,1st,-1,2,1
391,2026-05-20 18:20:00,2nd,-1,1,0
391,2026-05-20 18:20:00,3rd,0,0,0
391,2026-05-20 18:20:00,4th,0,0,0
391,2026-05-20 18:20:00,5th,0,0,0
391,2026-05-20 18:20:00,6th,1,1,2
391,2026-05-20 18:20:00,7th,0,0,0
392,2026-05-20 12:05:00,1st,0,2,2
392,2026-05-20 12:05:00,2nd,1,1,2
392,2026-05-20 12:05:00,3rd,-1,1,0
392,2026-05-20 12:05:00,4th,0,1,1
392,2026-05-20 12:05:00,5th,1,0,1
392,2026-05-20 12:05:00,6th,0,1,1
392,2026-05-20 12:05:00,7th,1,0,1
393,2026-05-20 12:20:00,1st,0,0,0
393,2026-05-20 12:20:00,2nd,-1,1,0
393,2026-05-20 12:20:00,3rd,0,0,0
393,2026-05-20 12:20:00,4th,1,0,1
393,2026-05-20 12:20:00,5th,0,0,0
393,2026-05-20 12:20:00,6th,1,1,2
393,2026-05-20 12:20:00,7th,0,0,0
394,2026-05-20 08:20:00,1st,0,1,1
394,2026-05-20 08:20:00,2nd,0,0,0
394,2026-05-20 08:20:00,3rd,-1,1,0
394,2026-05-20 08:20:00,4th,0,0,0
394,2026-05-20 08:20:00,5th,0,0,0
394,2026-05-20 08:20:00,6th,0,0,0
394,2026-05-20 08:20:00,7th,0,0,0
395,2026-05-21 01:05:00,1st,1,0,1
395,2026-05-21 01:05:00,2nd,0,0,0
395,2026-05-21 01:05:00,3rd,0,1,1
395,2026-05-21 01:05:00,4th,0,0,0
395,2026-05-21 01:05:00,5th,0,0,0
395,2026-05-21 01:05:00,6th,0,0,0
395,2026-05-21 01:05:00,7th,0,0,0
396,2026-05-20 08:35:00,1st,1,1,2
396,2026-05-20 08:35:00,2nd,0,0,0
396,2026-05-20 08:35:00,3rd,1,0,1
396,2026-05-20 08:35:00,4th,0,0,0
396,2026-05-20 08:35:00,5th,0,0,0
396,2026-05-20 08:35:00,6th,0,0,0
396,2026-05-20 08:35:00,7th,0,0,0
397,2026-05-20 09:50:00,1st,-2,6,4
397,2026-05-20 09:50:00,2nd,0,0,0
397,2026-05-20 09:50:00,3rd,-1,1,0
397,2026-05-20 09:50:00,4th,0,0,0
397,2026-05-20 09:50:00,5th,0,0,0
397,2026-05-20 09:50:00,6th,0,0,0
397,2026-05-20 09:50:00,7th,0,0,0
398,2026-05-20 10:05:00,1st,2,0,2
398,2026-05-20 10:05:00,2nd,-1,1,0
398,2026-05-20 10:05:00,3rd,0,0,0
398,2026-05-20 10:05:00,4th,0,0,0
398,2026-05-20 10:05:00,5th,0,0,0
398,2026-05-20 10:05:00,6th,0,1,1
398,2026-05-20 10:05:00,7th,0,1,1
399,2026-05-20 20:20:00,1st,0,2,2
399,2026-05-20 20:20:00,2nd,0,0,0
399,2026-05-20 20:20:00,3rd,0,1,1
399,2026-05-20 20:20:00,4th,0,0,0
399,2026-05-20 20:20:00,5th,2,0,2
399,2026-05-20 20:20:00,6th,2,2,4
399,2026-05-20 20:20:00,7th,0,0,0
400,2026-05-20 13:35:00,1st,0,2,2
400,2026-05-20 13:35:00,2nd,0,0,0
400,2026-05-20 13:35:00,3rd,2,0,2
400,2026-05-20 13:35:00,4th,1,0,1
400,2026-05-20 13:35:00,5th,-1,1,0
400,2026-05-20 13:35:00,6th,0,0,0
400,2026-05-20 13:35:00,7th,0,0,0
401,2026-05-20 18:35:00,1st,-4,6,2
401,2026-05-20 18:35:00,2nd,0,0,0
401,2026-05-20 18:35:00,3rd,0,0,0
401,2026-05-20 18:35:00,4th,0,0,0
401,2026-05-20 18:35:00,5th,0,0,0
401,2026-05-20 18:35:00,6th,0,0,0
401,2026-05-20 18:35:00,7th,0,0,0
402,2026-05-21 04:05:00,1st,0,0,0
402,2026-05-21 04:05:00,2nd,0,0,0
402,2026-05-21 04:05:00,3rd,0,0,0
402,2026-05-21 04:05:00,4th,1,0,1
402,2026-05-21 04:05:00,5th,0,0,0
402,2026-05-21 04:05:00,6th,0,0,0
402,2026-05-21 04:05:00,7th,0,0,0
403,2026-05-20 16:05:00,1st,0,3,3
403,2026-05-20 16:05:00,2nd,0,0,0
403,2026-05-20 16:05:00,3rd,0,0,0
403,2026-05-20 16:05:00,4th,0,0,0
403,2026-05-20 16:05:00,5th,1,0,1
403,2026-05-20 16:05:00,6th,0,0,0
403,2026-05-20 16:05:00,7th,2,0,2
404,2026-05-20 12:35:00,1st,2,2,4
404,2026-05-20 12:35:00,2nd,-1,1,0
404,2026-05-20 12:35:00,3rd,0,0,0
404,2026-05-20 12:35:00,4th,0,0,0
404,2026-05-20 12:35:00,5th,1,0,1
404,2026-05-20 12:35:00,6th,0,1,1
404,2026-05-20 12:35:00,7th,-1,1,0
405,2026-05-20 08:35:00,1st,1,1,2
405,2026-05-20 08:35:00,2nd,0,0,0
405,2026-05-20 08:35:00,3rd,1,0,1
405,2026-05-20 08:35:00,4th,0,0,0
405,2026-05-20 08:35:00,5th,0,0,0
405,2026-05-20 08:35:00,6th,0,0,0
405,2026-05-20 08:35:00,7th,0,0,0
406,2026-05-20 17:50:00,1st,1,0,1
406,2026-05-20 17:50:00,2nd,2,0,2
406,2026-05-20 17:50:00,3rd,0,0,0
406,2026-05-20 17:50:00,4th,0,0,0
406,2026-05-20 17:50:00,5th,0,0,0
406,2026-05-20 17:50:00,6th,1,0,1
406,2026-05-20 17:50:00,7th,0,0,0
407,2026-05-21 05:35:00,1st,-1,1,0
407,2026-05-21 05:35:00,2nd,-1,1,0
407,2026-05-21 05:35:00,3rd,0,0,0
407,2026-05-21 05:35:00,4th,0,0,0
407,2026-05-21 05:35:00,5th,0,0,0
407,2026-05-21 05:35:00,6th,0,1,1
407,2026-05-21 05:35:00,7th,0,0,0
408,2026-05-20 18:50:00,1st,1,0,1
408,2026-05-20 18:50:00,2nd,0,1,1
408,2026-05-20 18:50:00,3rd,2,0,2
408,2026-05-20 18:50:00,4th,0,0,0
408,2026-05-20 18:50:00,5th,0,0,0
408,2026-05-20 18:50:00,6th,0,1,1
408,2026-05-20 18:50:00,7th,0,0,0
409,2026-05-20 13:35:00,1st,0,2,2
409,2026-05-20 13:35:00,2nd,0,0,0
409,2026-05-20 13:35:00,3rd,2,0,2
409,2026-05-20 13:35:00,4th,1,0,1
409,2026-05-20 13:35:00,5th,-1,1,0
409,2026-05-20 13:35:00,6th,0,0,0
409,2026-05-20 13:35:00,7th,0,0,0
410,2026-05-20 14:50:00,1st,0,2,2
410,2026-05-20 14:50:00,2nd,1,0,1
410,2026-05-20 14:50:00,3rd,-1,1,0
410,2026-05-20 14:50:00,4th,0,0,0
410,2026-05-20 14:50:00,5th,0,0,0
410,2026-05-20 14:50:00,6th,1,0,1
410,2026-05-20 14:50:00,7th,0,0,0
411,2026-05-20 06:50:00,1st,0,0,0
411,2026-05-20 06:50:00,2nd,-1,1,0
411,2026-05-20 06:50:00,3rd,0,0,0
411,2026-05-20 06:50:00,4th,0,0,0
411,2026-05-20 06:50:00,5th,0,0,0
411,2026-05-20 06:50:00,6th,-2,2,0
411,2026-05-20 06:50:00,7th,-1,1,0
412,2026-05-20 11:05:00,1st,1,5,6
412,2026-05-20 11:05:00,2nd,-1,1,0
412,2026-05-20 11:05:00,3rd,0,0,0
412,2026-05-20 11:05:00,4th,0,0,0
412,2026-05-20 11:05:00,5th,0,0,0
412,2026-05-20 11:05:00,6th,1,1,2
412,2026-05-20 11:05:00,7th,0,0,0
413,2026-05-20 09:20:00,1st,-1,1,0
413,2026-05-20 09:20:00,2nd,0,0,0
413,2026-05-20 09:20:00,3rd,0,0,0
413,2026-05-20 09:20:00,4th,0,0,0
413,2026-05-20 09:20:00,5th,-1,2,1
413,2026-05-20 09:20:00,6th,-1,1,0
413,2026-05-20 09:20:00,7th,0,0,0
414,2026-05-20 13:35:00,1st,0,2,2
414,2026-05-20 13:35:00,2nd,0,0,0
414,2026-05-20 13:35:00,3rd,2,0,2
414,2026-05-20 13:35:00,4th,1,0,1
414,2026-05-20 13:35:00,5th,-1,1,0
414,2026-05-20 13:35:00,6th,0,0,0
414,2026-05-20 13:35:00,7th,0,0,0
415,2026-05-21 09:05:00,1st,-1,2,1
415,2026-05-21 09:05:00,2nd,0,0,0
415,2026-05-21 09:05:00,3rd,2,0,2
415,2026-05-21 09:05:00,4th,0,0,0
415,2026-05-21 09:05:00,5th,0,0,0
415,2026-05-21 09:05:00,6th,2,0,2
415,2026-05-21 09:05:00,7th,0,0,0
416,2026-05-21 06:35:00,1st,0,0,0
416,2026-05-21 06:35:00,2nd,-1,1,0
416,2026-05-21 06:35:00,3rd,1,0,1
416,2026-05-21 06:35:00,4th,0,0,0
416,2026-05-21 06:35:00,5th,1,0,1
416,2026-05-21 06:35:00,6th,-1,1,0
416,2026-05-21 06:35:00,7th,0,0,0
417,2026-05-21 02:50:00,1st,0,0,0
417,2026-05-21 02:50:00,2nd,0,0,0
417,2026-05-21 02:50:00,3rd,0,0,0
417,2026-05-21 02:50:00,4th,0,0,0
417,2026-05-21 02:50:00,5th,0,0,0
417,2026-05-21 02:50:00,6th,0,2,2
417,2026-05-21 02:50:00,7th,0,0,0
418,2026-05-21 10:35:00,1st,-1,6,5
418,2026-05-21 10:35:00,2nd,1,0,1
418,2026-05-21 10:35:00,3rd,-1,1,0
418,2026-05-21 10:35:00,4th,0,0,0
418,2026-05-21 10:35:00,5th,0,0,0
418,2026-05-21 10:35:00,6th,0,1,1
418,2026-05-21 10:35:00,7th,1,0,1
419,2026-05-20 14:50:00,1st,0,2,2
419,2026-05-20 14:50:00,2nd,1,0,1
419,2026-05-20 14:50:00,3rd,-1,1,0
419,2026-05-20 14:50:00,4th,0,0,0
419,2026-05-20 14:50:00,5th,0,0,0
419,2026-05-20 14:50:00,6th,1,0,1
419,2026-05-20 14:50:00,7th,0,0,0
420,2026-05-20 16:20:00,1st,0,2,2
420,2026-05-20 16:20:00,2nd,0,0,0
420,2026-05-20 16:20:00,3rd,-1,1,0
420,2026-05-20 16:20:00,4th,0,0,0
420,2026-05-20 16:20:00,5th,0,0,0
420,2026-05-20 16:20:00,6th,0,1,1
420,2026-05-20 16:20:00,7th,0,0,0
421,2026-05-20 07:35:00,1st,1,1,2
421,2026-05-20 07:35:00,2nd,0,0,0
421,2026-05-20 07:35:00,3rd,0,0,0
421,2026-05-20 07:35:00,4th,0,0,0
421,2026-05-20 07:35:00,5th,-1,1,0
421,2026-05-20 07:35:00,6th,0,1,1
421,2026-05-20 07:35:00,7th,1,0,1
422,2026-05-20 18:50:00,1st,1,0,1
422,2026-05-20 18:50:00,2nd,0,1,1
422,2026-05-20 18:50:00,3rd,2,0,2
422,2026-05-20 18:50:00,4th,0,0,0
422,2026-05-20 18:50:00,5th,0,0,0
422,2026-05-20 18:50:00,6th,0,1,1
422,2026-05-20 18:50:00,7th,0,0,0
423,2026-05-20 20:20:00,1st,0,2,2
423,2026-05-20 20:20:00,2nd,0,0,0
423,2026-05-20 20:20:00,3rd,0,1,1
423,2026-05-20 20:20:00,4th,0,0,0
423,2026-05-20 20:20:00,5th,2,0,2
423,2026-05-20 20:20:00,6th,2,2,4
423,2026-05-20 20:20:00,7th,0,0,0
424,2026-05-20 15:20:00,1st,-3,11,8
424,2026-05-20 15:20:00,2nd,-2,2,0
424,2026-05-20 15:20:00,3rd,0,0,0
424,2026-05-20 15:20:00,4th,0,0,0
424,2026-05-20 15:20:00,5th,0,0,0
424,2026-05-20 15:20:00,6th,1,0,1
424,2026-05-20 15:20:00,7th,0,0,0
425,2026-05-21 00:20:00,1st,2,1,3
425,2026-05-21 00:20:00,2nd,0,0,0
425,2026-05-21 00:20:00,3rd,0,0,0
425,2026-05-21 00:20:00,4th,0,0,0
425,2026-05-21 00:20:00,5th,0,0,0
425,2026-05-21 00:20:00,6th,0,0,0
425,2026-05-21 00:20:00,7th,0,0,0
426,2026-05-20 16:20:00,1st,0,2,2
426,2026-05-20 16:20:00,2nd,0,0,0
426,2026-05-20 16:20:00,3rd,-1,1,0
426,2026-05-20 16:20:00,4th,0,0,0
426,2026-05-20 16:20:00,5th,0,0,0
426,2026-05-20 16:20:00,6th,0,1,1
426,2026-05-20 16:20:00,7th,0,0,0
427,2026-05-20 18:20:00,1st,-1,2,1
427,2026-05-20 18:20:00,2nd,-1,1,0
427,2026-05-20 18:20:00,3rd,0,0,0
427,2026-05-20 18:20:00,4th,0,0,0
427,2026-05-20 18:20:00,5th,0,0,0
427,2026-05-20 18:20:00,6th,1,1,2
427,2026-05-20 18:20:00,7th,0,0,0
428,2026-05-21 00:50:00,1st,-1,4,3
428,2026-05-21 00:50:00,2nd,1,0,1
428,2026-05-21 00:50:00,3rd,0,3,3
428,2026-05-21 00:50:00,4th,1,0,1
428,2026-05-21 00:50:00,5th,0,0,0
428,2026-05-21 00:50:00,6th,0,0,0
428,2026-05-21 00:50:00,7th,0,0,0
429,2026-05-21 01:05:00,1st,1,0,1
429,2026-05-21 01:05:00,2nd,0,0,0
429,2026-05-21 01:05:00,3rd,0,1,1
429,2026-05-21 01:05:00,4th,0,0,0
429,2026-05-21 01:05:00,5th,0,0,0
429,2026-05-21 01:05:00,6th,0,0,0
429,2026-05-21 01:05:00,7th,0,0,0
430,2026-05-21 02:05:00,1st,0,0,0
430,2026-05-21 02:05:00,2nd,0,1,1
430,2026-05-21 02:05:00,3rd,0,0,0
430,2026-05-21 02:05:00,4th,0,0,0
430,2026-05-21 02:05:00,5th,0,0,0
430,2026-05-21 02:05:00,6th,0,0,0
430,2026-05-21 02:05:00,7th,0,0,0
431,2026-05-21 00:50:00,1st,-1,4,3
431,2026-05-21 00:50:00,2nd,1,0,1
431,2026-05-21 00:50:00,3rd,0,3,3
431,2026-05-21 00:50:00,4th,1,0,1
431,2026-05-21 00:50:00,5th,0,0,0
431,2026-05-21 00:50:00,6th,0,0,0
431,2026-05-21 00:50:00,7th,0,0,0
432,2026-05-20 14:50:00,1st,0,2,2
432,2026-05-20 14:50:00,2nd,1,0,1
432,2026-05-20 14:50:00,3rd,-1,1,0
432,2026-05-20 14:50:00,4th,0,0,0
432,2026-05-20 14:50:00,5th,0,0,0
432,2026-05-20 14:50:00,6th,1,0,1
432,2026-05-20 14:50:00,7th,0,0,0
433,2026-05-20 12:35:00,1st,2,2,4
433,2026-05-20 12:35:00,2nd,-1,1,0
433,2026-05-20 12:35:00,3rd,0,0,0
433,2026-05-20 12:35:00,4th,0,0,0
433,2026-05-20 12:35:00,5th,1,0,1
433,2026-05-20 12:35:00,6th,0,1,1
433,2026-05-20 12:35:00,7th,-1,1,0
434,2026-05-20 10:20:00,1st,-1,1,0
434,2026-05-20 10:20:00,2nd,0,0,0
434,2026-05-20 10:20:00,3rd,-1,1,0
434,2026-05-20 10:20:00,4th,0,0,0
434,2026-05-20 10:20:00,5th,0,0,0
434,2026-05-20 10:20:00,6th,0,1,1
434,2026-05-20 10:20:00,7th,2,0,2
435,2026-05-20 15:05:00,1st,0,3,3
435,2026-05-20 15:05:00,2nd,0,0,0
435,2026-05-20 15:05:00,3rd,0,0,0
435,2026-05-20 15:05:00,4th,0,0,0
435,2026-05-20 15:05:00,5th,0,0,0
435,2026-05-20 15:05:00,6th,-1,2,1
435,2026-05-20 15:05:00,7th,0,0,0
436,2026-05-21 01:20:00,1st,-1,1,0
436,2026-05-21 01:20:00,2nd,0,2,2
436,2026-05-21 01:20:00,3rd,0,0,0
436,2026-05-21 01:20:00,4th,0,0,0
436,2026-05-21 01:20:00,5th,0,0,0
436,2026-05-21 01:20:00,6th,0,0,0
436,2026-05-21 01:20:00,7th,0,0,0
437,2026-05-21 06:20:00,1st,0,0,0
437,2026-05-21 06:20:00,2nd,0,0,0
437,2026-05-21 06:20:00,3rd,0,1,1
437,2026-05-21 06:20:00,4th,0,0,0
437,2026-05-21 06:20:00,5th,0,1,1
437,2026-05-21 06:20:00,6th,-1,2,1
437,2026-05-21 06:20:00,7th,0,0,0
438,2026-05-20 18:20:00,1st,-1,2,1
438,2026-05-20 18:20:00,2nd,-1,1,0
438,2026-05-20 18:20:00,3rd,0,0,0
438,2026-05-20 18:20:00,4th,0,0,0
438,2026-05-20 18:20:00,5th,0,0,0
438,2026-05-20 18:20:00,6th,1,1,2
438,2026-05-20 18:20:00,7th,0,0,0
439,2026-05-20 08:35:00,1st,1,1,2
439,2026-05-20 08:35:00,2nd,0,0,0
439,2026-05-20 08:35:00,3rd,1,0,1
439,2026-05-20 08:35:00,4th,0,0,0
439,2026-05-20 08:35:00,5th,0,0,0
439,2026-05-20 08:35:00,6th,0,0,0
439,2026-05-20 08:35:00,7th,0,0,0
440,2026-05-21 08:35:00,1st,0,1,1
440,2026-05-21 08:35:00,2nd,0,1,1
440,2026-05-21 08:35:00,3rd,0,0,0
440,2026-05-21 08:35:00,4th,0,0,0
440,2026-05-21 08:35:00,5th,0,0,0
440,2026-05-21 08:35:00,6th,0,0,0
440,2026-05-21 08:35:00,7th,0,0,0
441,2026-05-21 05:50:00,1st,-1,1,0
441,2026-05-21 05:50:00,2nd,1,0,1
441,2026-05-21 05:50:00,3rd,0,1,1
441,2026-05-21 05:50:00,4th,0,0,0
441,2026-05-21 05:50:00,5th,0,0,0
441,2026-05-21 05:50:00,6th,0,0,0
441,2026-05-21 05:50:00,7th,0,0,0
442,2026-05-20 17:20:00,1st,-1,2,1
442,2026-05-20 17:20:00,2nd,0,0,0
442,2026-05-20 17:20:00,3rd,-1,1,0
442,2026-05-20 17:20:00,4th,0,0,0
442,2026-05-20 17:20:00,5th,0,0,0
442,2026-05-20 17:20:00,6th,0,0,0
442,2026-05-20 17:20:00,7th,1,1,2
443,2026-05-20 22:50:00,1st,-2,3,1
443,2026-05-20 22:50:00,2nd,-1,2,1
443,2026-05-20 22:50:00,3rd,1,0,1
443,2026-05-20 22:50:00,4th,0,0,0
443,2026-05-20 22:50:00,5th,0,0,0
443,2026-05-20 22:50:00,6th,0,1,1
443,2026-05-20 22:50:00,7th,0,0,0
444,2026-05-20 07:05:00,1st,3,3,6
444,2026-05-20 07:05:00,2nd,-1,1,0
444,2026-05-20 07:05:00,3rd,0,0,0
444,2026-05-20 07:05:00,4th,0,0,0
444,2026-05-20 07:05:00,5th,0,0,0
444,2026-05-20 07:05:00,6th,-1,2,1
444,2026-05-20 07:05:00,7th,0,0,0
445,2026-05-20 17:20:00,1st,-1,2,1
445,2026-05-20 17:20:00,2nd,0,0,0
445,2026-05-20 17:20:00,3rd,-1,1,0
445,2026-05-20 17:20:00,4th,0,0,0
445,2026-05-20 17:20:00,5th,0,0,0
445,2026-05-20 17:20:00,6th,0,0,0
445,2026-05-20 17:20:00,7th,1,1,2
446,2026-05-21 01:50:00,1st,0,0,0
446,2026-05-21 01:50:00,2nd,0,0,0
446,2026-05-21 01:50:00,3rd,0,0,0
446,2026-05-21 01:50:00,4th,0,0,0
446,2026-05-21 01:50:00,5th,0,0,0
446,2026-05-21 01:50:00,6th,0,0,0
446,2026-05-21 01:50:00,7th,0,1,1
447,2026-05-21 02:35:00,1st,0,0,0
447,2026-05-21 02:35:00,2nd,0,0,0
447,2026-05-21 02:35:00,3rd,0,0,0
447,2026-05-21 02:35:00,4th,0,0,0
447,2026-05-21 02:35:00,5th,0,1,1
447,2026-05-21 02:35:00,6th,0,2,2
447,2026-05-21 02:35:00,7th,0,0,0
448,2026-05-21 10:20:00,1st,0,1,1
448,2026-05-21 10:20:00,2nd,-1,1,0
448,2026-05-21 10:20:00,3rd,0,0,0
448,2026-05-21 10:20:00,4th,0,0,0
448,2026-05-21 10:20:00,5th,0,0,0
448,2026-05-21 10:20:00,6th,0,1,1
448,2026-05-21 10:20:00,7th,-1,1,0
449,2026-05-20 19:50:00,1st,0,1,1
449,2026-05-20 19:50:00,2nd,0,0,0
449,2026-05-20 19:50:00,3rd,0,0,0
449,2026-05-20 19:50:00,4th,0,0,0
449,2026-05-20 19:50:00,5th,-1,2,1
449,2026-05-20 19:50:00,6th,-1,1,0
449,2026-05-20 19:50:00,7th,0,0,0
450,2026-05-20 18:50:00,1st,1,0,1
450,2026-05-20 18:50:00,2nd,0,1,1
450,2026-05-20 18:50:00,3rd,2,0,2
450,2026-05-20 18:50:00,4th,0,0,0
450,2026-05-20 18:50:00,5th,0,0,0
450,2026-05-20 18:50:00,6th,0,1,1
450,2026-05-20 18:50:00,7th,0,0,0
451,2026-05-20 20:50:00,1st,0,1,1
451,2026-05-20 20:50:00,2nd,0,0,0
451,2026-05-20 20:50:00,3rd,-1,1,0
451,2026-05-20 20:50:00,4th,-1,1,0
451,2026-05-20 20:50:00,5th,0,0,0
451,2026-05-20 20:50:00,6th,0,1,1
451,2026-05-20 20:50:00,7th,0,0,0
452,2026-05-21 09:20:00,1st,2,0,2
452,2026-05-21 09:20:00,2nd,0,1,1
452,2026-05-21 09:20:00,3rd,0,0,0
452,2026-05-21 09:20:00,4th,0,0,0
452,2026-05-21 09:20:00,5th,0,0,0
452,2026-05-21 09:20:00,6th,0,0,0
452,2026-05-21 09:20:00,7th,0,0,0
453,2026-05-20 09:50:00,1st,-2,6,4
453,2026-05-20 09:50:00,2nd,0,0,0
453,2026-05-20 09:50:00,3rd,-1,1,0
453,2026-05-20 09:50:00,4th,0,0,0
453,2026-05-20 09:50:00,5th,0,0,0
453,2026-05-20 09:50:00,6th,0,0,0
453,2026-05-20 09:50:00,7th,0,0,0
454,2026-05-20 10:50:00,1st,-1,1,0
454,2026-05-20 10:50:00,2nd,0,0,0
454,2026-05-20 10:50:00,3rd,0,0,0
454,2026-05-20 10:50:00,4th,0,0,0
454,2026-05-20 10:50:00,5th,0,0,0
454,2026-05-20 10:50:00,6th,0,1,1
454,2026-05-20 10:50:00,7th,-1,1,0
455,2026-05-21 05:05:00,1st,1,1,2
455,2026-05-21 05:05:00,2nd,0,0,0
455,2026-05-21 05:05:00,3rd,-1,2,1
455,2026-05-21 05:05:00,4th,0,0,0
455,2026-05-21 05:05:00,5th,0,0,0
455,2026-05-21 05:05:00,6th,1,0,1
455,2026-05-21 05:05:00,7th,1,0,1
456,2026-05-20 12:05:00,1st,0,2,2
456,2026-05-20 12:05:00,2nd,1,1,2
456,2026-05-20 12:05:00,3rd,-1,1,0
456,2026-05-20 12:05:00,4th,0,1,1
456,2026-05-20 12:05:00,5th,1,0,1
456,2026-05-20 12:05:00,6th,0,1,1
456,2026-05-20 12:05:00,7th,1,0,1
457,2026-05-20 23:20:00,1st,-2,4,2
457,2026-05-20 23:20:00,2nd,0,1,1
457,2026-05-20 23:20:00,3rd,0,0,0
457,2026-05-20 23:20:00,4th,0,0,0
457,2026-05-20 23:20:00,5th,0,0,0
457,2026-05-20 23:20:00,6th,0,0,0
457,2026-05-20 23:20:00,7th,1,0,1
458,2026-05-20 15:35:00,1st,4,0,4
458,2026-05-20 15:35:00,2nd,-1,1,0
458,2026-05-20 15:35:00,3rd,0,0,0
458,2026-05-20 15:35:00,4th,0,0,0
458,2026-05-20 15:35:00,5th,0,0,0
458,2026-05-20 15:35:00,6th,0,0,0
458,2026-05-20 15:35:00,7th,0,0,0
459,2026-05-21 02:50:00,1st,0,0,0
459,2026-05-21 02:50:00,2nd,0,0,0
459,2026-05-21 02:50:00,3rd,0,0,0
459,2026-05-21 02:50:00,4th,0,0,0
459,2026-05-21 02:50:00,5th,0,0,0
459,2026-05-21 02:50:00,6th,0,2,2
459,2026-05-21 02:50:00,7th,0,0,0
460,2026-05-20 17:20:00,1st,-1,2,1
460,2026-05-20 17:20:00,2nd,0,0,0
460,2026-05-20 17:20:00,3rd,-1,1,0
460,2026-05-20 17:20:00,4th,0,0,0
460,2026-05-20 17:20:00,5th,0,0,0
460,2026-05-20 17:20:00,6th,0,0,0
460,2026-05-20 17:20:00,7th,1,1,2
461,2026-05-20 10:50:00,1st,-1,1,0
461,2026-05-20 10:50:00,2nd,0,0,0
461,2026-05-20 10:50:00,3rd,0,0,0
461,2026-05-20 10:50:00,4th,0,0,0
461,2026-05-20 10:50:00,5th,0,0,0
461,2026-05-20 10:50:00,6th,0,1,1
461,2026-05-20 10:50:00,7th,-1,1,0
462,2026-05-21 07:50:00,1st,0,0,0
462,2026-05-21 07:50:00,2nd,-1,1,0
462,2026-05-21 07:50:00,3rd,0,0,0
462,2026-05-21 07:50:00,4th,0,0,0
462,2026-05-21 07:50:00,5th,1,1,2
462,2026-05-21 07:50:00,6th,0,0,0
462,2026-05-21 07:50:00,7th,-1,1,0
463,2026-05-20 06:50:00,1st,0,0,0
463,2026-05-20 06:50:00,2nd,-1,1,0
463,2026-05-20 06:50:00,3rd,0,0,0
463,2026-05-20 06:50:00,4th,0,0,0
463,2026-05-20 06:50:00,5th,0,0,0
463,2026-05-20 06:50:00,6th,-2,2,0
463,2026-05-20 06:50:00,7th,-1,1,0
464,2026-05-21 10:05:00,1st,0,0,0
464,2026-05-21 10:05:00,2nd,0,0,0
464,2026-05-21 10:05:00,3rd,0,0,0
464,2026-05-21 10:05:00,4th,0,0,0
464,2026-05-21 10:05:00,5th,0,0,0
464,2026-05-21 10:05:00,6th,-1,2,1
464,2026-05-21 10:05:00,7th,0,0,0
465,2026-05-20 07:35:00,1st,1,1,2
465,2026-05-20 07:35:00,2nd,0,0,0
465,2026-05-20 07:35:00,3rd,0,0,0
465,2026-05-20 07:35:00,4th,0,0,0
465,2026-05-20 07:35:00,5th,-1,1,0
465,2026-05-20 07:35:00,6th,0,1,1
465,2026-05-20 07:35:00,7th,1,0,1
466,2026-05-20 20:05:00,1st,2,2,4
466,2026-05-20 20:05:00,2nd,0,1,1
466,2026-05-20 20:05:00,3rd,1,1,2
466,2026-05-20 20:05:00,4th,0,0,0
466,2026-05-20 20:05:00,5th,1,2,3
466,2026-05-20 20:05:00,6th,0,0,0
466,2026-05-20 20:05:00,7th,-1,1,0
467,2026-05-21 08:05:00,1st,1,1,2
467,2026-05-21 08:05:00,2nd,0,0,0
467,2026-05-21 08:05:00,3rd,0,0,0
467,2026-05-21 08:05:00,4th,0,0,0
467,2026-05-21 08:05:00,5th,0,0,0
467,2026-05-21 08:05:00,6th,0,1,1
467,2026-05-21 08:05:00,7th,0,1,1
468,2026-05-21 01:05:00,1st,1,0,1
468,2026-05-21 01:05:00,2nd,0,0,0
468,2026-05-21 01:05:00,3rd,0,1,1
468,2026-05-21 01:05:00,4th,0,0,0
468,2026-05-21 01:05:00,5th,0,0,0
468,2026-05-21 01:05:00,6th,0,0,0
468,2026-05-21 01:05:00,7th,0,0,0
469,2026-05-20 12:20:00,1st,0,0,0
469,2026-05-20 12:20:00,2nd,-1,1,0
469,2026-05-20 12:20:00,3rd,0,0,0
469,2026-05-20 12:20:00,4th,1,0,1
469,2026-05-20 12:20:00,5th,0,0,0
469,2026-05-20 12:20:00,6th,1,1,2
469,2026-05-20 12:20:00,7th,0,0,0
470,2026-05-20 23:20:00,1st,-2,4,2
470,2026-05-20 23:20:00,2nd,0,1,1
470,2026-05-20 23:20:00,3rd,0,0,0
470,2026-05-20 23:20:00,4th,0,0,0
470,2026-05-20 23:20:00,5th,0,0,0
470,2026-05-20 23:20:00,6th,0,0,0
470,2026-05-20 23:20:00,7th,1,0,1
471,2026-05-20 12:05:00,1st,0,2,2
471,2026-05-20 12:05:00,2nd,1,1,2
471,2026-05-20 12:05:00,3rd,-1,1,0
471,2026-05-20 12:05:00,4th,0,1,1
471,2026-05-20 12:05:00,5th,1,0,1
471,2026-05-20 12:05:00,6th,0,1,1
471,2026-05-20 12:05:00,7th,1,0,1
472,2026-05-21 06:50:00,1st,1,0,1
472,2026-05-21 06:50:00,2nd,0,0,0
472,2026-05-21 06:50:00,3rd,0,2,2
472,2026-05-21 06:50:00,4th,0,0,0
472,2026-05-21 06:50:00,5th,0,0,0
472,2026-05-21 06:50:00,6th,0,0,0
472,2026-05-21 06:50:00,7th,0,0,0
473,2026-05-20 08:20:00,1st,0,1,1
473,2026-05-20 08:20:00,2nd,0,0,0
473,2026-05-20 08:20:00,3rd,-1,1,0
473,2026-05-20 08:20:00,4th,0,0,0
473,2026-05-20 08:20:00,5th,0,0,0
473,2026-05-20 08:20:00,6th,0,0,0
473,2026-05-20 08:20:00,7th,0,0,0
474,2026-05-20 09:20:00,1st,-1,1,0
474,2026-05-20 09:20:00,2nd,0,0,0
474,2026-05-20 09:20:00,3rd,0,0,0
474,2026-05-20 09:20:00,4th,0,0,0
474,2026-05-20 09:20:00,5th,-1,2,1
474,2026-05-20 09:20:00,6th,-1,1,0
474,2026-05-20 09:20:00,7th,0,0,0
475,2026-05-21 01:20:00,1st,-1,1,0
475,2026-05-21 01:20:00,2nd,0,2,2
475,2026-05-21 01:20:00,3rd,0,0,0
475,2026-05-21 01:20:00,4th,0,0,0
475,2026-05-21 01:20:00,5th,0,0,0
475,2026-05-21 01:20:00,6th,0,0,0
475,2026-05-21 01:20:00,7th,0,0,0
476,2026-05-20 21:35:00,1st,0,1,1
476,2026-05-20 21:35:00,2nd,0,0,0
476,2026-05-20 21:35:00,3rd,0,1,1
476,2026-05-20 21:35:00,4th,0,0,0
476,2026-05-20 21:35:00,5th,1,0,1
476,2026-05-20 21:35:00,6th,0,0,0
476,2026-05-20 21:35:00,7th,-1,2,1
477,2026-05-21 02:35:00,1st,0,0,0
477,2026-05-21 02:35:00,2nd,0,0,0
477,2026-05-21 02:35:00,3rd,0,0,0
477,2026-05-21 02:35:00,4th,0,0,0
477,2026-05-21 02:35:00,5th,0,1,1
477,2026-05-21 02:35:00,6th,0,2,2
477,2026-05-21 02:35:00,7th,0,0,0
478,2026-05-21 05:20:00,1st,1,0,1
478,2026-05-21 05:20:00,2nd,0,0,0
478,2026-05-21 05:20:00,3rd,0,0,0
478,2026-05-21 05:20:00,4th,0,0,0
478,2026-05-21 05:20:00,5th,0,0,0
478,2026-05-21 05:20:00,6th,0,1,1
478,2026-05-21 05:20:00,7th,0,0,0
479,2026-05-20 08:35:00,1st,1,1,2
479,2026-05-20 08:35:00,2nd,0,0,0
479,2026-05-20 08:35:00,3rd,1,0,1
479,2026-05-20 08:35:00,4th,0,0,0
479,2026-05-20 08:35:00,5th,0,0,0
479,2026-05-20 08:35:00,6th,0,0,0
479,2026-05-20 08:35:00,7th,0,0,0
480,2026-05-21 03:50:00,1st,0,0,0
480,2026-05-21 03:50:00,2nd,0,0,0
480,2026-05-21 03:50:00,3rd,0,0,0
480,2026-05-21 03:50:00,4th,-1,1,0
480,2026-05-21 03:50:00,5th,0,0,0
480,2026-05-21 03:50:00,6th,0,0,0
480,2026-05-21 03:50:00,7th,0,0,0
481,2026-05-20 16:35:00,1st,-2,3,1
481,2026-05-20 16:35:00,2nd,0,0,0
481,2026-05-20 16:35:00,3rd,0,0,0
481,2026-05-20 16:35:00,4th,0,0,0
481,2026-05-20 16:35:00,5th,0,0,0
481,2026-05-20 16:35:00,6th,1,1,2
481,2026-05-20 16:35:00,7th,1,0,1
482,2026-05-21 03:50:00,1st,0,0,0
482,2026-05-21 03:50:00,2nd,0,0,0
482,2026-05-21 03:50:00,3rd,0,0,0
482,2026-05-21 03:50:00,4th,-1,1,0
482,2026-05-21 03:50:00,5th,0,0,0
482,2026-05-21 03:50:00,6th,0,0,0
482,2026-05-21 03:50:00,7th,0,0,0
483,2026-05-20 12:05:00,1st,0,2,2
483,2026-05-20 12:05:00,2nd,1,1,2
483,2026-05-20 12:05:00,3rd,-1,1,0
483,2026-05-20 12:05:00,4th,0,1,1
483,2026-05-20 12:05:00,5th,1,0,1
483,2026-05-20 12:05:00,6th,0,1,1
483,2026-05-20 12:05:00,7th,1,0,1
484,2026-05-21 10:05:00,1st,0,0,0
484,2026-05-21 10:05:00,2nd,0,0,0
484,2026-05-21 10:05:00,3rd,0,0,0
484,2026-05-21 10:05:00,4th,0,0,0
484,2026-05-21 10:05:00,5th,0,0,0
484,2026-05-21 10:05:00,6th,-1,2,1
484,2026-05-21 10:05:00,7th,0,0,0
485,2026-05-20 19:20:00,1st,0,1,1
485,2026-05-20 19:20:00,2nd,0,0,0
485,2026-05-20 19:20:00,3rd,-1,1,0
485,2026-05-20 19:20:00,4th,0,0,0
485,2026-05-20 19:20:00,5th,0,0,0
485,2026-05-20 19:20:00,6th,0,0,0
485,2026-05-20 19:20:00,7th,1,1,2
486,2026-05-20 07:20:00,1st,1,0,1
486,2026-05-20 07:20:00,2nd,1,0,1
486,2026-05-20 07:20:00,3rd,0,0,0
486,2026-05-20 07:20:00,4th,0,0,0
486,2026-05-20 07:20:00,5th,-1,1,0
486,2026-05-20 07:20:00,6th,1,0,1
486,2026-05-20 07:20:00,7th,1,0,1
487,2026-05-21 01:35:00,1st,1,0,1
487,2026-05-21 01:35:00,2nd,0,0,0
487,2026-05-21 01:35:00,3rd,0,0,0
487,2026-05-21 01:35:00,4th,0,0,0
487,2026-05-21 01:35:00,5th,0,0,0
487,2026-05-21 01:35:00,6th,0,0,0
487,2026-05-21 01:35:00,7th,0,1,1
488,2026-05-20 09:20:00,1st,-1,1,0
488,2026-05-20 09:20:00,2nd,0,0,0
488,2026-05-20 09:20:00,3rd,0,0,0
488,2026-05-20 09:20:00,4th,0,0,0
488,2026-05-20 09:20:00,5th,-1,2,1
488,2026-05-20 09:20:00,6th,-1,1,0
488,2026-05-20 09:20:00,7th,0,0,0
489,2026-05-20 22:35:00,1st,-2,3,1
489,2026-05-20 22:35:00,2nd,1,0,1
489,2026-05-20 22:35:00,3rd,0,0,0
489,2026-05-20 22:35:00,4th,0,0,0
489,2026-05-20 22:35:00,5th,0,0,0
489,2026-05-20 22:35:00,6th,0,2,2
489,2026-05-20 22:35:00,7th,1,0,1
490,2026-05-20 10:35:00,1st,-1,1,0
490,2026-05-20 10:35:00,2nd,0,0,0
490,2026-05-20 10:35:00,3rd,1,0,1
490,2026-05-20 10:35:00,4th,0,0,0
490,2026-05-20 10:35:00,5th,0,0,0
490,2026-05-20 10:35:00,6th,0,0,0
490,2026-05-20 10:35:00,7th,0,1,1
491,2026-05-20 12:20:00,1st,0,0,0
491,2026-05-20 12:20:00,2nd,-1,1,0
491,2026-05-20 12:20:00,3rd,0,0,0
491,2026-05-20 12:20:00,4th,1,0,1
491,2026-05-20 12:20:00,5th,0,0,0
491,2026-05-20 12:20:00,6th,1,1,2
491,2026-05-20 12:20:00,7th,0,0,0
492,2026-05-20 22:05:00,1st,-3,3,0
492,2026-05-20 22:05:00,2nd,2,0,2
492,2026-05-20 22:05:00,3rd,0,1,1
492,2026-05-20 22:05:00,4th,0,0,0
492,2026-05-20 22:05:00,5th,0,0,0
492,2026-05-20 22:05:00,6th,0,0,0
492,2026-05-20 22:05:00,7th,1,3,4
493,2026-05-20 21:50:00,1st,-1,2,1
493,2026-05-20 21:50:00,2nd,0,0,0
493,2026-05-20 21:50:00,3rd,0,0,0
493,2026-05-20 21:50:00,4th,0,0,0
493,2026-05-20 21:50:00,5th,0,0,0
493,2026-05-20 21:50:00,6th,0,0,0
493,2026-05-20 21:50:00,7th,-1,2,1
494,2026-05-20 18:05:00,1st,1,1,2
494,2026-05-20 18:05:00,2nd,0,0,0
494,2026-05-20 18:05:00,3rd,0,0,0
494,2026-05-20 18:05:00,4th,0,0,0
494,2026-05-20 18:05:00,5th,0,0,0
494,2026-05-20 18:05:00,6th,-1,1,0
494,2026-05-20 18:05:00,7th,-1,1,0
495,2026-05-20 14:05:00,1st,0,3,3
495,2026-05-20 14:05:00,2nd,2,1,3
495,2026-05-20 14:05:00,3rd,-1,2,1
495,2026-05-20 14:05:00,4th,0,0,0
495,2026-05-20 14:05:00,5th,0,0,0
495,2026-05-20 14:05:00,6th,-1,1,0
495,2026-05-20 14:05:00,7th,1,0,1
496,2026-05-20 08:05:00,1st,1,2,3
496,2026-05-20 08:05:00,2nd,-1,1,0
496,2026-05-20 08:05:00,3rd,0,0,0
496,2026-05-20 08:05:00,4th,0,0,0
496,2026-05-20 08:05:00,5th,0,0,0
496,2026-05-20 08:05:00,6th,0,1,1
496,2026-05-20 08:05:00,7th,0,0,0
497,2026-05-20 15:35:00,1st,4,0,4
497,2026-05-20 15:35:00,2nd,-1,1,0
497,2026-05-20 15:35:00,3rd,0,0,0
497,2026-05-20 15:35:00,4th,0,0,0
497,2026-05-20 15:35:00,5th,0,0,0
497,2026-05-20 15:35:00,6th,0,0,0
497,2026-05-20 15:35:00,7th,0,0,0
498,2026-05-20 13:50:00,1st,0,2,2
498,2026-05-20 13:50:00,2nd,-1,1,0
498,2026-05-20 13:50:00,3rd,0,0,0
498,2026-05-20 13:50:00,4th,0,0,0
498,2026-05-20 13:50:00,5th,0,0,0
498,2026-05-20 13:50:00,6th,1,3,4
498,2026-05-20 13:50:00,7th,3,0,3
499,2026-05-21 10:20:00,1st,0,1,1
499,2026-05-21 10:20:00,2nd,-1,1,0
499,2026-05-21 10:20:00,3rd,0,0,0
499,2026-05-21 10:20:00,4th,0,0,0
499,2026-05-21 10:20:00,5th,0,0,0
499,2026-05-21 10:20:00,6th,0,1,1
499,2026-05-21 10:20:00,7th,-1,1,0
500,2026-05-20 16:50:00,1st,-1,1,0
500,2026-05-20 16:50:00,2nd,0,0,0
500,2026-05-20 16:50:00,3rd,0,0,0
500,2026-05-20 16:50:00,4th,-1,1,0
500,2026-05-20 16:50:00,5th,0,0,0
500,2026-05-20 16:50:00,6th,-1,1,0
500,2026-05-20 16:50:00,7th,0,0,0
501,2026-05-20 20:50:00,1st,0,1,1
501,2026-05-20 20:50:00,2nd,0,0,0
501,2026-05-20 20:50:00,3rd,-1,1,0
501,2026-05-20 20:50:00,4th,-1,1,0
501,2026-05-20 20:50:00,5th,0,0,0
501,2026-05-20 20:50:00,6th,0,1,1
501,2026-05-20 20:50:00,7th,0,0,0
502,2026-05-20 20:05:00,1st,2,2,4
502,2026-05-20 20:05:00,2nd,0,1,1
502,2026-05-20 20:05:00,3rd,1,1,2
502,2026-05-20 20:05:00,4th,0,0,0
502,2026-05-20 20:05:00,5th,1,2,3
502,2026-05-20 20:05:00,6th,0,0,0
502,2026-05-20 20:05:00,7th,-1,1,0
503,2026-05-21 08:50:00,1st,0,0,0
503,2026-05-21 08:50:00,2nd,-1,1,0
503,2026-05-21 08:50:00,3rd,-1,2,1
503,2026-05-21 08:50:00,4th,0,0,0
503,2026-05-21 08:50:00,5th,0,0,0
503,2026-05-21 08:50:00,6th,-1,1,0
503,2026-05-21 08:50:00,7th,0,0,0
504,2026-05-21 02:50:00,1st,0,0,0
504,2026-05-21 02:50:00,2nd,0,0,0
504,2026-05-21 02:50:00,3rd,0,0,0
504,2026-05-21 02:50:00,4th,0,0,0
504,2026-05-21 02:50:00,5th,0,0,0
504,2026-05-21 02:50:00,6th,0,2,2
504,2026-05-21 02:50:00,7th,0,0,0
505,2026-05-20 21:20:00,1st,1,1,2
505,2026-05-20 21:20:00,2nd,0,0,0
505,2026-05-20 21:20:00,3rd,-1,2,1
505,2026-05-20 21:20:00,4th,0,0,0
505,2026-05-20 21:20:00,5th,-1,1,0
505,2026-05-20 21:20:00,6th,1,2,3
505,2026-05-20 21:20:00,7th,2,0,2
506,2026-05-20 19:35:00,1st,-3,5,2
506,2026-05-20 19:35:00,2nd,0,0,0
506,2026-05-20 19:35:00,3rd,1,0,1
506,2026-05-20 19:35:00,4th,0,0,0
506,2026-05-20 19:35:00,5th,0,1,1
506,2026-05-20 19:35:00,6th,0,0,0
506,2026-05-20 19:35:00,7th,0,0,0
507,2026-05-21 07:50:00,1st,0,0,0
507,2026-05-21 07:50:00,2nd,-1,1,0
507,2026-05-21 07:50:00,3rd,0,0,0
507,2026-05-21 07:50:00,4th,0,0,0
507,2026-05-21 07:50:00,5th,1,1,2
507,2026-05-21 07:50:00,6th,0,0,0
507,2026-05-21 07:50:00,7th,-1,1,0
508,2026-05-21 05:50:00,1st,-1,1,0
508,2026-05-21 05:50:00,2nd,1,0,1
508,2026-05-21 05:50:00,3rd,0,1,1
508,2026-05-21 05:50:00,4th,0,0,0
508,2026-05-21 05:50:00,5th,0,0,0
508,2026-05-21 05:50:00,6th,0,0,0
508,2026-05-21 05:50:00,7th,0,0,0
509,2026-05-21 00:50:00,1st,-1,4,3
509,2026-05-21 00:50:00,2nd,1,0,1
509,2026-05-21 00:50:00,3rd,0,3,3
509,2026-05-21 00:50:00,4th,1,0,1
509,2026-05-21 00:50:00,5th,0,0,0
509,2026-05-21 00:50:00,6th,0,0,0
509,2026-05-21 00:50:00,7th,0,0,0
510,2026-05-20 20:50:00,1st,0,1,1
510,2026-05-20 20:50:00,2nd,0,0,0
510,2026-05-20 20:50:00,3rd,-1,1,0
510,2026-05-20 20:50:00,4th,-1,1,0
510,2026-05-20 20:50:00,5th,0,0,0
510,2026-05-20 20:50:00,6th,0,1,1
510,2026-05-20 20:50:00,7th,0,0,0
511,2026-05-20 09:20:00,1st,-1,1,0
511,2026-05-20 09:20:00,2nd,0,0,0
511,2026-05-20 09:20:00,3rd,0,0,0
511,2026-05-20 09:20:00,4th,0,0,0
511,2026-05-20 09:20:00,5th,-1,2,1
511,2026-05-20 09:20:00,6th,-1,1,0
511,2026-05-20 09:20:00,7th,0,0,0
512,2026-05-20 16:05:00,1st,0,3,3
512,2026-05-20 16:05:00,2nd,0,0,0
512,2026-05-20 16:05:00,3rd,0,0,0
512,2026-05-20 16:05:00,4th,0,0,0
512,2026-05-20 16:05:00,5th,1,0,1
512,2026-05-20 16:05:00,6th,0,0,0
512,2026-05-20 16:05:00,7th,2,0,2
513,2026-05-21 01:20:00,1st,-1,1,0
513,2026-05-21 01:20:00,2nd,0,2,2
513,2026-05-21 01:20:00,3rd,0,0,0
513,2026-05-21 01:20:00,4th,0,0,0
513,2026-05-21 01:20:00,5th,0,0,0
513,2026-05-21 01:20:00,6th,0,0,0
513,2026-05-21 01:20:00,7th,0,0,0
514,2026-05-21 05:20:00,1st,1,0,1
514,2026-05-21 05:20:00,2nd,0,0,0
514,2026-05-21 05:20:00,3rd,0,0,0
514,2026-05-21 05:20:00,4th,0,0,0
514,2026-05-21 05:20:00,5th,0,0,0
514,2026-05-21 05:20:00,6th,0,1,1
514,2026-05-21 05:20:00,7th,0,0,0
515,2026-05-21 00:35:00,1st,-1,3,2
515,2026-05-21 00:35:00,2nd,0,0,0
515,2026-05-21 00:35:00,3rd,0,2,2
515,2026-05-21 00:35:00,4th,0,0,0
515,2026-05-21 00:35:00,5th,0,0,0
515,2026-05-21 00:35:00,6th,0,0,0
515,2026-05-21 00:35:00,7th,0,0,0
516,2026-05-20 11:20:00,1st,-4,4,0
516,2026-05-20 11:20:00,2nd,1,0,1
516,2026-05-20 11:20:00,3rd,0,0,0
516,2026-05-20 11:20:00,4th,0,0,0
516,2026-05-20 11:20:00,5th,0,0,0
516,2026-05-20 11:20:00,6th,0,1,1
516,2026-05-20 11:20:00,7th,0,0,0
517,2026-05-20 12:05:00,1st,0,2,2
517,2026-05-20 12:05:00,2nd,1,1,2
517,2026-05-20 12:05:00,3rd,-1,1,0
517,2026-05-20 12:05:00,4th,0,1,1
517,2026-05-20 12:05:00,5th,1,0,1
517,2026-05-20 12:05:00,6th,0,1,1
517,2026-05-20 12:05:00,7th,1,0,1
518,2026-05-21 07:35:00,1st,0,1,1
518,2026-05-21 07:35:00,2nd,2,0,2
518,2026-05-21 07:35:00,3rd,0,0,0
518,2026-05-21 07:35:00,4th,0,0,0
518,2026-05-21 07:35:00,5th,0,0,0
518,2026-05-21 07:35:00,6th,0,0,0
518,2026-05-21 07:35:00,7th,-1,1,0
519,2026-05-20 15:50:00,1st,-3,5,2
519,2026-05-20 15:50:00,2nd,-1,1,0
519,2026-05-20 15:50:00,3rd,0,0,0
519,2026-05-20 15:50:00,4th,0,0,0
519,2026-05-20 15:50:00,5th,0,0,0
519,2026-05-20 15:50:00,6th,1,1,2
519,2026-05-20 15:50:00,7th,-1,2,1
520,2026-05-21 00:35:00,1st,-1,3,2
520,2026-05-21 00:35:00,2nd,0,0,0
520,2026-05-21 00:35:00,3rd,0,2,2
520,2026-05-21 00:35:00,4th,0,0,0
520,2026-05-21 00:35:00,5th,0,0,0
520,2026-05-21 00:35:00,6th,0,0,0
520,2026-05-21 00:35:00,7th,0,0,0
521,2026-05-20 11:35:00,1st,2,2,4
521,2026-05-20 11:35:00,2nd,0,0,0
521,2026-05-20 11:35:00,3rd,0,2,2
521,2026-05-20 11:35:00,4th,0,0,0
521,2026-05-20 11:35:00,5th,0,0,0
521,2026-05-20 11:35:00,6th,1,0,1
521,2026-05-20 11:35:00,7th,-1,2,1
522,2026-05-21 09:35:00,1st,-1,1,0
522,2026-05-21 09:35:00,2nd,1,0,1
522,2026-05-21 09:35:00,3rd,0,0,0
522,2026-05-21 09:35:00,4th,0,0,0
522,2026-05-21 09:35:00,5th,0,0,0
522,2026-05-21 09:35:00,6th,0,0,0
522,2026-05-21 09:35:00,7th,0,0,0
523,2026-05-20 13:50:00,1st,0,2,2
523,2026-05-20 13:50:00,2nd,-1,1,0
523,2026-05-20 13:50:00,3rd,0,0,0
523,2026-05-20 13:50:00,4th,0,0,0
523,2026-05-20 13:50:00,5th,0,0,0
523,2026-05-20 13:50:00,6th,1,3,4
523,2026-05-20 13:50:00,7th,3,0,3
524,2026-05-20 12:05:00,1st,0,2,2
524,2026-05-20 12:05:00,2nd,1,1,2
524,2026-05-20 12:05:00,3rd,-1,1,0
524,2026-05-20 12:05:00,4th,0,1,1
524,2026-05-20 12:05:00,5th,1,0,1
524,2026-05-20 12:05:00,6th,0,1,1
524,2026-05-20 12:05:00,7th,1,0,1
525,2026-05-20 13:35:00,1st,0,2,2
525,2026-05-20 13:35:00,2nd,0,0,0
525,2026-05-20 13:35:00,3rd,2,0,2
525,2026-05-20 13:35:00,4th,1,0,1
525,2026-05-20 13:35:00,5th,-1,1,0
525,2026-05-20 13:35:00,6th,0,0,0
525,2026-05-20 13:35:00,7th,0,0,0
526,2026-05-20 12:35:00,1st,2,2,4
526,2026-05-20 12:35:00,2nd,-1,1,0
526,2026-05-20 12:35:00,3rd,0,0,0
526,2026-05-20 12:35:00,4th,0,0,0
526,2026-05-20 12:35:00,5th,1,0,1
526,2026-05-20 12:35:00,6th,0,1,1
526,2026-05-20 12:35:00,7th,-1,1,0
527,2026-05-20 09:05:00,1st,1,0,1
527,2026-05-20 09:05:00,2nd,0,0,0
527,2026-05-20 09:05:00,3rd,0,0,0
527,2026-05-20 09:05:00,4th,0,0,0
527,2026-05-20 09:05:00,5th,0,0,0
527,2026-05-20 09:05:00,6th,1,0,1
527,2026-05-20 09:05:00,7th,0,1,1
528,2026-05-20 18:35:00,1st,-4,6,2
528,2026-05-20 18:35:00,2nd,0,0,0
528,2026-05-20 18:35:00,3rd,0,0,0
528,2026-05-20 18:35:00,4th,0,0,0
528,2026-05-20 18:35:00,5th,0,0,0
528,2026-05-20 18:35:00,6th,0,0,0
528,2026-05-20 18:35:00,7th,0,0,0
529,2026-05-20 21:50:00,1st,-1,2,1
529,2026-05-20 21:50:00,2nd,0,0,0
529,2026-05-20 21:50:00,3rd,0,0,0
529,2026-05-20 21:50:00,4th,0,0,0
529,2026-05-20 21:50:00,5th,0,0,0
529,2026-05-20 21:50:00,6th,0,0,0
529,2026-05-20 21:50:00,7th,-1,2,1
530,2026-05-20 10:20:00,1st,-1,1,0
530,2026-05-20 10:20:00,2nd,0,0,0
530,2026-05-20 10:20:00,3rd,-1,1,0
530,2026-05-20 10:20:00,4th,0,0,0
530,2026-05-20 10:20:00,5th,0,0,0
530,2026-05-20 10:20:00,6th,0,1,1
530,2026-05-20 10:20:00,7th,2,0,2
531,2026-05-20 18:50:00,1st,1,0,1
531,2026-05-20 18:50:00,2nd,0,1,1
531,2026-05-20 18:50:00,3rd,2,0,2
531,2026-05-20 18:50:00,4th,0,0,0
531,2026-05-20 18:50:00,5th,0,0,0
531,2026-05-20 18:50:00,6th,0,1,1
531,2026-05-20 18:50:00,7th,0,0,0
532,2026-05-20 07:35:00,1st,1,1,2
532,2026-05-20 07:35:00,2nd,0,0,0
532,2026-05-20 07:35:00,3rd,0,0,0
532,2026-05-20 07:35:00,4th,0,0,0
532,2026-05-20 07:35:00,5th,-1,1,0
532,2026-05-20 07:35:00,6th,0,1,1
532,2026-05-20 07:35:00,7th,1,0,1
533,2026-05-20 21:05:00,1st,-4,4,0
533,2026-05-20 21:05:00,2nd,1,0,1
533,2026-05-20 21:05:00,3rd,2,0,2
533,2026-05-20 21:05:00,4th,0,0,0
533,2026-05-20 21:05:00,5th,0,0,0
533,2026-05-20 21:05:00,6th,0,1,1
533,2026-05-20 21:05:00,7th,-1,2,1
534,2026-05-20 15:50:00,1st,-3,5,2
534,2026-05-20 15:50:00,2nd,-1,1,0
534,2026-05-20 15:50:00,3rd,0,0,0
534,2026-05-20 15:50:00,4th,0,0,0
534,2026-05-20 15:50:00,5th,0,0,0
534,2026-05-20 15:50:00,6th,1,1,2
534,2026-05-20 15:50:00,7th,-1,2,1
535,2026-05-21 00:35:00,1st,-1,3,2
535,2026-05-21 00:35:00,2nd,0,0,0
535,2026-05-21 00:35:00,3rd,0,2,2
535,2026-05-21 00:35:00,4th,0,0,0
535,2026-05-21 00:35:00,5th,0,0,0
535,2026-05-21 00:35:00,6th,0,0,0
535,2026-05-21 00:35:00,7th,0,0,0
536,2026-05-21 02:50:00,1st,0,0,0
536,2026-05-21 02:50:00,2nd,0,0,0
536,2026-05-21 02:50:00,3rd,0,0,0
536,2026-05-21 02:50:00,4th,0,0,0
536,2026-05-21 02:50:00,5th,0,0,0
536,2026-05-21 02:50:00,6th,0,2,2
536,2026-05-21 02:50:00,7th,0,0,0
537,2026-05-20 10:50:00,1st,-1,1,0
537,2026-05-20 10:50:00,2nd,0,0,0
537,2026-05-20 10:50:00,3rd,0,0,0
537,2026-05-20 10:50:00,4th,0,0,0
537,2026-05-20 10:50:00,5th,0,0,0
537,2026-05-20 10:50:00,6th,0,1,1
537,2026-05-20 10:50:00,7th,-1,1,0
538,2026-05-21 07:35:00,1st,0,1,1
538,2026-05-21 07:35:00,2nd,2,0,2
538,2026-05-21 07:35:00,3rd,0,0,0
538,2026-05-21 07:35:00,4th,0,0,0
538,2026-05-21 07:35:00,5th,0,0,0
538,2026-05-21 07:35:00,6th,0,0,0
538,2026-05-21 07:35:00,7th,-1,1,0
539,2026-05-21 04:50:00,1st,0,0,0
539,2026-05-21 04:50:00,2nd,-1,1,0
539,2026-05-21 04:50:00,3rd,0,0,0
539,2026-05-21 04:50:00,4th,0,0,0
539,2026-05-21 04:50:00,5th,0,0,0
539,2026-05-21 04:50:00,6th,-1,1,0
539,2026-05-21 04:50:00,7th,0,0,0
540,2026-05-20 12:35:00,1st,2,2,4
540,2026-05-20 12:35:00,2nd,-1,1,0
540,2026-05-20 12:35:00,3rd,0,0,0
540,2026-05-20 12:35:00,4th,0,0,0
540,2026-05-20 12:35:00,5th,1,0,1
540,2026-05-20 12:35:00,6th,0,1,1
540,2026-05-20 12:35:00,7th,-1,1,0
541,2026-05-20 18:20:00,1st,-1,2,1
541,2026-05-20 18:20:00,2nd,-1,1,0
541,2026-05-20 18:20:00,3rd,0,0,0
541,2026-05-20 18:20:00,4th,0,0,0
541,2026-05-20 18:20:00,5th,0,0,0
541,2026-05-20 18:20:00,6th,1,1,2
541,2026-05-20 18:20:00,7th,0,0,0
542,2026-05-21 09:20:00,1st,2,0,2
542,2026-05-21 09:20:00,2nd,0,1,1
542,2026-05-21 09:20:00,3rd,0,0,0
542,2026-05-21 09:20:00,4th,0,0,0
542,2026-05-21 09:20:00,5th,0,0,0
542,2026-05-21 09:20:00,6th,0,0,0
542,2026-05-21 09:20:00,7th,0,0,0
543,2026-05-21 07:20:00,1st,0,0,0
543,2026-05-21 07:20:00,2nd,0,0,0
543,2026-05-21 07:20:00,3rd,0,0,0
543,2026-05-21 07:20:00,4th,0,0,0
543,2026-05-21 07:20:00,5th,0,1,1
543,2026-05-21 07:20:00,6th,-1,1,0
543,2026-05-21 07:20:00,7th,0,0,0
544,2026-05-20 08:35:00,1st,1,1,2
544,2026-05-20 08:35:00,2nd,0,0,0
544,2026-05-20 08:35:00,3rd,1,0,1
544,2026-05-20 08:35:00,4th,0,0,0
544,2026-05-20 08:35:00,5th,0,0,0
544,2026-05-20 08:35:00,6th,0,0,0
544,2026-05-20 08:35:00,7th,0,0,0
545,2026-05-21 07:35:00,1st,0,1,1
545,2026-05-21 07:35:00,2nd,2,0,2
545,2026-05-21 07:35:00,3rd,0,0,0
545,2026-05-21 07:35:00,4th,0,0,0
545,2026-05-21 07:35:00,5th,0,0,0
545,2026-05-21 07:35:00,6th,0,0,0
545,2026-05-21 07:35:00,7th,-1,1,0
546,2026-05-20 08:35:00,1st,1,1,2
546,2026-05-20 08:35:00,2nd,0,0,0
546,2026-05-20 08:35:00,3rd,1,0,1
546,2026-05-20 08:35:00,4th,0,0,0
546,2026-05-20 08:35:00,5th,0,0,0
546,2026-05-20 08:35:00,6th,0,0,0
546,2026-05-20 08:35:00,7th,0,0,0
547,2026-05-20 15:20:00,1st,-3,11,8
547,2026-05-20 15:20:00,2nd,-2,2,0
547,2026-05-20 15:20:00,3rd,0,0,0
547,2026-05-20 15:20:00,4th,0,0,0
547,2026-05-20 15:20:00,5th,0,0,0
547,2026-05-20 15:20:00,6th,1,0,1
547,2026-05-20 15:20:00,7th,0,0,0
548,2026-05-21 01:20:00,1st,-1,1,0
548,2026-05-21 01:20:00,2nd,0,2,2
548,2026-05-21 01:20:00,3rd,0,0,0
548,2026-05-21 01:20:00,4th,0,0,0
548,2026-05-21 01:20:00,5th,0,0,0
548,2026-05-21 01:20:00,6th,0,0,0
548,2026-05-21 01:20:00,7th,0,0,0
549,2026-05-21 05:50:00,1st,-1,1,0
549,2026-05-21 05:50:00,2nd,1,0,1
549,2026-05-21 05:50:00,3rd,0,1,1
549,2026-05-21 05:50:00,4th,0,0,0
549,2026-05-21 05:50:00,5th,0,0,0
549,2026-05-21 05:50:00,6th,0,0,0
549,2026-05-21 05:50:00,7th,0,0,0
550,2026-05-20 08:20:00,1st,0,1,1
550,2026-05-20 08:20:00,2nd,0,0,0
550,2026-05-20 08:20:00,3rd,-1,1,0
550,2026-05-20 08:20:00,4th,0,0,0
550,2026-05-20 08:20:00,5th,0,0,0
550,2026-05-20 08:20:00,6th,0,0,0
550,2026-05-20 08:20:00,7th,0,0,0
551,2026-05-21 09:35:00,1st,-1,1,0
551,2026-05-21 09:35:00,2nd,1,0,1
551,2026-05-21 09:35:00,3rd,0,0,0
551,2026-05-21 09:35:00,4th,0,0,0
551,2026-05-21 09:35:00,5th,0,0,0
551,2026-05-21 09:35:00,6th,0,0,0
551,2026-05-21 09:35:00,7th,0,0,0
552,2026-05-21 09:50:00,1st,0,1,1
552,2026-05-21 09:50:00,2nd,1,1,2
552,2026-05-21 09:50:00,3rd,0,0,0
552,2026-05-21 09:50:00,4th,0,0,0
552,2026-05-21 09:50:00,5th,0,0,0
552,2026-05-21 09:50:00,6th,0,0,0
552,2026-05-21 09:50:00,7th,0,0,0
553,2026-05-20 16:35:00,1st,-2,3,1
553,2026-05-20 16:35:00,2nd,0,0,0
553,2026-05-20 16:35:00,3rd,0,0,0
553,2026-05-20 16:35:00,4th,0,0,0
553,2026-05-20 16:35:00,5th,0,0,0
553,2026-05-20 16:35:00,6th,1,1,2
553,2026-05-20 16:35:00,7th,1,0,1
554,2026-05-20 13:50:00,1st,0,2,2
554,2026-05-20 13:50:00,2nd,-1,1,0
554,2026-05-20 13:50:00,3rd,0,0,0
554,2026-05-20 13:50:00,4th,0,0,0
554,2026-05-20 13:50:00,5th,0,0,0
554,2026-05-20 13:50:00,6th,1,3,4
554,2026-05-20 13:50:00,7th,3,0,3
555,2026-05-20 09:20:00,1st,-1,1,0
555,2026-05-20 09:20:00,2nd,0,0,0
555,2026-05-20 09:20:00,3rd,0,0,0
555,2026-05-20 09:20:00,4th,0,0,0
555,2026-05-20 09:20:00,5th,-1,2,1
555,2026-05-20 09:20:00,6th,-1,1,0
555,2026-05-20 09:20:00,7th,0,0,0
556,2026-05-20 09:50:00,1st,-2,6,4
556,2026-05-20 09:50:00,2nd,0,0,0
556,2026-05-20 09:50:00,3rd,-1,1,0
556,2026-05-20 09:50:00,4th,0,0,0
556,2026-05-20 09:50:00,5th,0,0,0
556,2026-05-20 09:50:00,6th,0,0,0
556,2026-05-20 09:50:00,7th,0,0,0
557,2026-05-20 08:05:00,1st,1,2,3
557,2026-05-20 08:05:00,2nd,-1,1,0
557,2026-05-20 08:05:00,3rd,0,0,0
557,2026-05-20 08:05:00,4th,0,0,0
557,2026-05-20 08:05:00,5th,0,0,0
557,2026-05-20 08:05:00,6th,0,1,1
557,2026-05-20 08:05:00,7th,0,0,0
558,2026-05-21 03:50:00,1st,0,0,0
558,2026-05-21 03:50:00,2nd,0,0,0
558,2026-05-21 03:50:00,3rd,0,0,0
558,2026-05-21 03:50:00,4th,-1,1,0
558,2026-05-21 03:50:00,5th,0,0,0
558,2026-05-21 03:50:00,6th,0,0,0
558,2026-05-21 03:50:00,7th,0,0,0
559,2026-05-20 17:50:00,1st,1,0,1
559,2026-05-20 17:50:00,2nd,2,0,2
559,2026-05-20 17:50:00,3rd,0,0,0
559,2026-05-20 17:50:00,4th,0,0,0
559,2026-05-20 17:50:00,5th,0,0,0
559,2026-05-20 17:50:00,6th,1,0,1
559,2026-05-20 17:50:00,7th,0,0,0
560,2026-05-20 17:50:00,1st,1,0,1
560,2026-05-20 17:50:00,2nd,2,0,2
560,2026-05-20 17:50:00,3rd,0,0,0
560,2026-05-20 17:50:00,4th,0,0,0
560,2026-05-20 17:50:00,5th,0,0,0
560,2026-05-20 17:50:00,6th,1,0,1
560,2026-05-20 17:50:00,7th,0,0,0
561,2026-05-20 13:35:00,1st,0,2,2
561,2026-05-20 13:35:00,2nd,0,0,0
561,2026-05-20 13:35:00,3rd,2,0,2
561,2026-05-20 13:35:00,4th,1,0,1
561,2026-05-20 13:35:00,5th,-1,1,0
561,2026-05-20 13:35:00,6th,0,0,0
561,2026-05-20 13:35:00,7th,0,0,0
562,2026-05-21 07:50:00,1st,0,0,0
562,2026-05-21 07:50:00,2nd,-1,1,0
562,2026-05-21 07:50:00,3rd,0,0,0
562,2026-05-21 07:50:00,4th,0,0,0
562,2026-05-21 07:50:00,5th,1,1,2
562,2026-05-21 07:50:00,6th,0,0,0
562,2026-05-21 07:50:00,7th,-1,1,0
563,2026-05-20 20:35:00,1st,0,0,0
563,2026-05-20 20:35:00,2nd,-1,1,0
563,2026-05-20 20:35:00,3rd,0,1,1
563,2026-05-20 20:35:00,4th,0,0,0
563,2026-05-20 20:35:00,5th,0,0,0
563,2026-05-20 20:35:00,6th,1,3,4
563,2026-05-20 20:35:00,7th,0,0,0
564,2026-05-20 19:35:00,1st,-3,5,2
564,2026-05-20 19:35:00,2nd,0,0,0
564,2026-05-20 19:35:00,3rd,1,0,1
564,2026-05-20 19:35:00,4th,0,0,0
564,2026-05-20 19:35:00,5th,0,1,1
564,2026-05-20 19:35:00,6th,0,0,0
564,2026-05-20 19:35:00,7th,0,0,0
565,2026-05-20 16:50:00,1st,-1,1,0
565,2026-05-20 16:50:00,2nd,0,0,0
565,2026-05-20 16:50:00,3rd,0,0,0
565,2026-05-20 16:50:00,4th,-1,1,0
565,2026-05-20 16:50:00,5th,0,0,0
565,2026-05-20 16:50:00,6th,-1,1,0
565,2026-05-20 16:50:00,7th,0,0,0
566,2026-05-20 06:30:00,1st,0,0,0
566,2026-05-20 06:30:00,2nd,0,0,0
566,2026-05-20 06:30:00,3rd,0,0,0
566,2026-05-20 06:30:00,4th,0,0,0
566,2026-05-20 06:30:00,5th,0,0,0
566,2026-05-20 06:30:00,6th,0,0,0
566,2026-05-20 06:30:00,7th,1,0,1
567,2026-05-20 10:50:00,1st,-1,1,0
567,2026-05-20 10:50:00,2nd,0,0,0
567,2026-05-20 10:50:00,3rd,0,0,0
567,2026-05-20 10:50:00,4th,0,0,0
567,2026-05-20 10:50:00,5th,0,0,0
567,2026-05-20 10:50:00,6th,0,1,1
567,2026-05-20 10:50:00,7th,-1,1,0
568,2026-05-20 10:50:00,1st,-1,1,0
568,2026-05-20 10:50:00,2nd,0,0,0
568,2026-05-20 10:50:00,3rd,0,0,0
568,2026-05-20 10:50:00,4th,0,0,0
568,2026-05-20 10:50:00,5th,0,0,0
568,2026-05-20 10:50:00,6th,0,1,1
568,2026-05-20 10:50:00,7th,-1,1,0
569,2026-05-20 17:50:00,1st,1,0,1
569,2026-05-20 17:50:00,2nd,2,0,2
569,2026-05-20 17:50:00,3rd,0,0,0
569,2026-05-20 17:50:00,4th,0,0,0
569,2026-05-20 17:50:00,5th,0,0,0
569,2026-05-20 17:50:00,6th,1,0,1
569,2026-05-20 17:50:00,7th,0,0,0
570,2026-05-20 09:05:00,1st,1,0,1
570,2026-05-20 09:05:00,2nd,0,0,0
570,2026-05-20 09:05:00,3rd,0,0,0
570,2026-05-20 09:05:00,4th,0,0,0
570,2026-05-20 09:05:00,5th,0,0,0
570,2026-05-20 09:05:00,6th,1,0,1
570,2026-05-20 09:05:00,7th,0,1,1
571,2026-05-21 07:50:00,1st,0,0,0
571,2026-05-21 07:50:00,2nd,-1,1,0
571,2026-05-21 07:50:00,3rd,0,0,0
571,2026-05-21 07:50:00,4th,0,0,0
571,2026-05-21 07:50:00,5th,1,1,2
571,2026-05-21 07:50:00,6th,0,0,0
571,2026-05-21 07:50:00,7th,-1,1,0
572,2026-05-20 11:20:00,1st,-4,4,0
572,2026-05-20 11:20:00,2nd,1,0,1
572,2026-05-20 11:20:00,3rd,0,0,0
572,2026-05-20 11:20:00,4th,0,0,0
572,2026-05-20 11:20:00,5th,0,0,0
572,2026-05-20 11:20:00,6th,0,1,1
572,2026-05-20 11:20:00,7th,0,0,0
573,2026-05-20 22:05:00,1st,-3,3,0
573,2026-05-20 22:05:00,2nd,2,0,2
573,2026-05-20 22:05:00,3rd,0,1,1
573,2026-05-20 22:05:00,4th,0,0,0
573,2026-05-20 22:05:00,5th,0,0,0
573,2026-05-20 22:05:00,6th,0,0,0
573,2026-05-20 22:05:00,7th,1,3,4
574,2026-05-20 13:35:00,1st,0,2,2
574,2026-05-20 13:35:00,2nd,0,0,0
574,2026-05-20 13:35:00,3rd,2,0,2
574,2026-05-20 13:35:00,4th,1,0,1
574,2026-05-20 13:35:00,5th,-1,1,0
574,2026-05-20 13:35:00,6th,0,0,0
574,2026-05-20 13:35:00,7th,0,0,0
575,2026-05-20 08:50:00,1st,0,0,0
575,2026-05-20 08:50:00,2nd,-1,1,0
575,2026-05-20 08:50:00,3rd,0,0,0
575,2026-05-20 08:50:00,4th,0,0,0
575,2026-05-20 08:50:00,5th,0,0,0
575,2026-05-20 08:50:00,6th,0,0,0
575,2026-05-20 08:50:00,7th,-1,1,0
576,2026-05-20 08:35:00,1st,1,1,2
576,2026-05-20 08:35:00,2nd,0,0,0
576,2026-05-20 08:35:00,3rd,1,0,1
576,2026-05-20 08:35:00,4th,0,0,0
576,2026-05-20 08:35:00,5th,0,0,0
576,2026-05-20 08:35:00,6th,0,0,0
576,2026-05-20 08:35:00,7th,0,0,0
577,2026-05-20 19:05:00,1st,-1,2,1
577,2026-05-20 19:05:00,2nd,-1,1,0
577,2026-05-20 19:05:00,3rd,0,0,0
577,2026-05-20 19:05:00,4th,0,0,0
577,2026-05-20 19:05:00,5th,0,0,0
577,2026-05-20 19:05:00,6th,1,0,1
577,2026-05-20 19:05:00,7th,-1,1,0
578,2026-05-21 07:20:00,1st,0,0,0
578,2026-05-21 07:20:00,2nd,0,0,0
578,2026-05-21 07:20:00,3rd,0,0,0
578,2026-05-21 07:20:00,4th,0,0,0
578,2026-05-21 07:20:00,5th,0,1,1
578,2026-05-21 07:20:00,6th,-1,1,0
578,2026-05-21 07:20:00,7th,0,0,0
579,2026-05-21 01:50:00,1st,0,0,0
579,2026-05-21 01:50:00,2nd,0,0,0
579,2026-05-21 01:50:00,3rd,0,0,0
579,2026-05-21 01:50:00,4th,0,0,0
579,2026-05-21 01:50:00,5th,0,0,0
579,2026-05-21 01:50:00,6th,0,0,0
579,2026-05-21 01:50:00,7th,0,1,1
580,2026-05-21 00:35:00,1st,-1,3,2
580,2026-05-21 00:35:00,2nd,0,0,0
580,2026-05-21 00:35:00,3rd,0,2,2
580,2026-05-21 00:35:00,4th,0,0,0
580,2026-05-21 00:35:00,5th,0,0,0
580,2026-05-21 00:35:00,6th,0,0,0
580,2026-05-21 00:35:00,7th,0,0,0
581,2026-05-20 23:20:00,1st,-2,4,2
581,2026-05-20 23:20:00,2nd,0,1,1
581,2026-05-20 23:20:00,3rd,0,0,0
581,2026-05-20 23:20:00,4th,0,0,0
581,2026-05-20 23:20:00,5th,0,0,0
581,2026-05-20 23:20:00,6th,0,0,0
581,2026-05-20 23:20:00,7th,1,0,1
582,2026-05-20 18:20:00,1st,-1,2,1
582,2026-05-20 18:20:00,2nd,-1,1,0
582,2026-05-20 18:20:00,3rd,0,0,0
582,2026-05-20 18:20:00,4th,0,0,0
582,2026-05-20 18:20:00,5th,0,0,0
582,2026-05-20 18:20:00,6th,1,1,2
582,2026-05-20 18:20:00,7th,0,0,0
583,2026-05-21 01:05:00,1st,1,0,1
583,2026-05-21 01:05:00,2nd,0,0,0
583,2026-05-21 01:05:00,3rd,0,1,1
583,2026-05-21 01:05:00,4th,0,0,0
583,2026-05-21 01:05:00,5th,0,0,0
583,2026-05-21 01:05:00,6th,0,0,0
583,2026-05-21 01:05:00,7th,0,0,0
584,2026-05-21 07:50:00,1st,0,0,0
584,2026-05-21 07:50:00,2nd,-1,1,0
584,2026-05-21 07:50:00,3rd,0,0,0
584,2026-05-21 07:50:00,4th,0,0,0
584,2026-05-21 07:50:00,5th,1,1,2
584,2026-05-21 07:50:00,6th,0,0,0
584,2026-05-21 07:50:00,7th,-1,1,0
585,2026-05-20 20:35:00,1st,0,0,0
585,2026-05-20 20:35:00,2nd,-1,1,0
585,2026-05-20 20:35:00,3rd,0,1,1
585,2026-05-20 20:35:00,4th,0,0,0
585,2026-05-20 20:35:00,5th,0,0,0
585,2026-05-20 20:35:00,6th,1,3,4
585,2026-05-20 20:35:00,7th,0,0,0
586,2026-05-20 22:50:00,1st,-2,3,1
586,2026-05-20 22:50:00,2nd,-1,2,1
586,2026-05-20 22:50:00,3rd,1,0,1
586,2026-05-20 22:50:00,4th,0,0,0
586,2026-05-20 22:50:00,5th,0,0,0
586,2026-05-20 22:50:00,6th,0,1,1
586,2026-05-20 22:50:00,7th,0,0,0
587,2026-05-20 11:35:00,1st,2,2,4
587,2026-05-20 11:35:00,2nd,0,0,0
587,2026-05-20 11:35:00,3rd,0,2,2
587,2026-05-20 11:35:00,4th,0,0,0
587,2026-05-20 11:35:00,5th,0,0,0
587,2026-05-20 11:35:00,6th,1,0,1
587,2026-05-20 11:35:00,7th,-1,2,1
588,2026-05-21 00:35:00,1st,-1,3,2
588,2026-05-21 00:35:00,2nd,0,0,0
588,2026-05-21 00:35:00,3rd,0,2,2
588,2026-05-21 00:35:00,4th,0,0,0
588,2026-05-21 00:35:00,5th,0,0,0
588,2026-05-21 00:35:00,6th,0,0,0
588,2026-05-21 00:35:00,7th,0,0,0
589,2026-05-20 09:20:00,1st,-1,1,0
589,2026-05-20 09:20:00,2nd,0,0,0
589,2026-05-20 09:20:00,3rd,0,0,0
589,2026-05-20 09:20:00,4th,0,0,0
589,2026-05-20 09:20:00,5th,-1,2,1
589,2026-05-20 09:20:00,6th,-1,1,0
589,2026-05-20 09:20:00,7th,0,0,0
590,2026-05-21 01:35:00,1st,1,0,1
590,2026-05-21 01:35:00,2nd,0,0,0
590,2026-05-21 01:35:00,3rd,0,0,0
590,2026-05-21 01:35:00,4th,0,0,0
590,2026-05-21 01:35:00,5th,0,0,0
590,2026-05-21 01:35:00,6th,0,0,0
590,2026-05-21 01:35:00,7th,0,1,1
591,2026-05-21 10:35:00,1st,-1,6,5
591,2026-05-21 10:35:00,2nd,1,0,1
591,2026-05-21 10:35:00,3rd,-1,1,0
591,2026-05-21 10:35:00,4th,0,0,0
591,2026-05-21 10:35:00,5th,0,0,0
591,2026-05-21 10:35:00,6th,0,1,1
591,2026-05-21 10:35:00,7th,1,0,1
592,2026-05-20 18:20:00,1st,-1,2,1
592,2026-05-20 18:20:00,2nd,-1,1,0
592,2026-05-20 18:20:00,3rd,0,0,0
592,2026-05-20 18:20:00,4th,0,0,0
592,2026-05-20 18:20:00,5th,0,0,0
592,2026-05-20 18:20:00,6th,1,1,2
592,2026-05-20 18:20:00,7th,0,0,0
593,2026-05-20 20:20:00,1st,0,2,2
593,2026-05-20 20:20:00,2nd,0,0,0
593,2026-05-20 20:20:00,3rd,0,1,1
593,2026-05-20 20:20:00,4th,0,0,0
593,2026-05-20 20:20:00,5th,2,0,2
593,2026-05-20 20:20:00,6th,2,2,4
593,2026-05-20 20:20:00,7th,0,0,0
594,2026-05-20 14:20:00,1st,0,2,2
594,2026-05-20 14:20:00,2nd,-2,3,1
594,2026-05-20 14:20:00,3rd,0,0,0
594,2026-05-20 14:20:00,4th,0,0,0
594,2026-05-20 14:20:00,5th,0,0,0
594,2026-05-20 14:20:00,6th,0,1,1
594,2026-05-20 14:20:00,7th,0,0,0
595,2026-05-21 02:50:00,1st,0,0,0
595,2026-05-21 02:50:00,2nd,0,0,0
595,2026-05-21 02:50:00,3rd,0,0,0
595,2026-05-21 02:50:00,4th,0,0,0
595,2026-05-21 02:50:00,5th,0,0,0
595,2026-05-21 02:50:00,6th,0,2,2
595,2026-05-21 02:50:00,7th,0,0,0
596,2026-05-21 07:20:00,1st,0,0,0
596,2026-05-21 07:20:00,2nd,0,0,0
596,2026-05-21 07:20:00,3rd,0,0,0
596,2026-05-21 07:20:00,4th,0,0,0
596,2026-05-21 07:20:00,5th,0,1,1
596,2026-05-21 07:20:00,6th,-1,1,0
596,2026-05-21 07:20:00,7th,0,0,0
597,2026-05-20 10:50:00,1st,-1,1,0
597,2026-05-20 10:50:00,2nd,0,0,0
597,2026-05-20 10:50:00,3rd,0,0,0
597,2026-05-20 10:50:00,4th,0,0,0
597,2026-05-20 10:50:00,5th,0,0,0
597,2026-05-20 10:50:00,6th,0,1,1
597,2026-05-20 10:50:00,7th,-1,1,0
598,2026-05-20 16:20:00,1st,0,2,2
598,2026-05-20 16:20:00,2nd,0,0,0
598,2026-05-20 16:20:00,3rd,-1,1,0
598,2026-05-20 16:20:00,4th,0,0,0
598,2026-05-20 16:20:00,5th,0,0,0
598,2026-05-20 16:20:00,6th,0,1,1
598,2026-05-20 16:20:00,7th,0,0,0
599,2026-05-20 16:05:00,1st,0,3,3
599,2026-05-20 16:05:00,2nd,0,0,0
599,2026-05-20 16:05:00,3rd,0,0,0
599,2026-05-20 16:05:00,4th,0,0,0
599,2026-05-20 16:05:00,5th,1,0,1
599,2026-05-20 16:05:00,6th,0,0,0
599,2026-05-20 16:05:00,7th,2,0,2
600,2026-05-20 18:05:00,1st,1,1,2
600,2026-05-20 18:05:00,2nd,0,0,0
600,2026-05-20 18:05:00,3rd,0,0,0
600,2026-05-20 18:05:00,4th,0,0,0
600,2026-05-20 18:05:00,5th,0,0,0
600,2026-05-20 18:05:00,6th,-1,1,0
600,2026-05-20 18:05:00,7th,-1,1,0
601,2026-05-20 06:50:00,1st,0,0,0
601,2026-05-20 06:50:00,2nd,-1,1,0
601,2026-05-20 06:50:00,3rd,0,0,0
601,2026-05-20 06:50:00,4th,0,0,0
601,2026-05-20 06:50:00,5th,0,0,0
601,2026-05-20 06:50:00,6th,-2,2,0
601,2026-05-20 06:50:00,7th,-1,1,0
602,2026-05-20 13:50:00,1st,0,2,2
602,2026-05-20 13:50:00,2nd,-1,1,0
602,2026-05-20 13:50:00,3rd,0,0,0
602,2026-05-20 13:50:00,4th,0,0,0
602,2026-05-20 13:50:00,5th,0,0,0
602,2026-05-20 13:50:00,6th,1,3,4
602,2026-05-20 13:50:00,7th,3,0,3
603,2026-05-20 19:35:00,1st,-3,5,2
603,2026-05-20 19:35:00,2nd,0,0,0
603,2026-05-20 19:35:00,3rd,1,0,1
603,2026-05-20 19:35:00,4th,0,0,0
603,2026-05-20 19:35:00,5th,0,1,1
603,2026-05-20 19:35:00,6th,0,0,0
603,2026-05-20 19:35:00,7th,0,0,0
604,2026-05-20 21:20:00,1st,1,1,2
604,2026-05-20 21:20:00,2nd,0,0,0
604,2026-05-20 21:20:00,3rd,-1,2,1
604,2026-05-20 21:20:00,4th,0,0,0
604,2026-05-20 21:20:00,5th,-1,1,0
604,2026-05-20 21:20:00,6th,1,2,3
604,2026-05-20 21:20:00,7th,2,0,2
605,2026-05-21 03:50:00,1st,0,0,0
605,2026-05-21 03:50:00,2nd,0,0,0
605,2026-05-21 03:50:00,3rd,0,0,0
605,2026-05-21 03:50:00,4th,-1,1,0
605,2026-05-21 03:50:00,5th,0,0,0
605,2026-05-21 03:50:00,6th,0,0,0
605,2026-05-21 03:50:00,7th,0,0,0
606,2026-05-20 20:50:00,1st,0,1,1
606,2026-05-20 20:50:00,2nd,0,0,0
606,2026-05-20 20:50:00,3rd,-1,1,0
606,2026-05-20 20:50:00,4th,-1,1,0
606,2026-05-20 20:50:00,5th,0,0,0
606,2026-05-20 20:50:00,6th,0,1,1
606,2026-05-20 20:50:00,7th,0,0,0
607,2026-05-20 07:35:00,1st,1,1,2
607,2026-05-20 07:35:00,2nd,0,0,0
607,2026-05-20 07:35:00,3rd,0,0,0
607,2026-05-20 07:35:00,4th,0,0,0
607,2026-05-20 07:35:00,5th,-1,1,0
607,2026-05-20 07:35:00,6th,0,1,1
607,2026-05-20 07:35:00,7th,1,0,1
608,2026-05-20 18:05:00,1st,1,1,2
608,2026-05-20 18:05:00,2nd,0,0,0
608,2026-05-20 18:05:00,3rd,0,0,0
608,2026-05-20 18:05:00,4th,0,0,0
608,2026-05-20 18:05:00,5th,0,0,0
608,2026-05-20 18:05:00,6th,-1,1,0
608,2026-05-20 18:05:00,7th,-1,1,0
609,2026-05-20 18:05:00,1st,1,1,2
609,2026-05-20 18:05:00,2nd,0,0,0
609,2026-05-20 18:05:00,3rd,0,0,0
609,2026-05-20 18:05:00,4th,0,0,0
609,2026-05-20 18:05:00,5th,0,0,0
609,2026-05-20 18:05:00,6th,-1,1,0
609,2026-05-20 18:05:00,7th,-1,1,0
610,2026-05-20 15:50:00,1st,-3,5,2
610,2026-05-20 15:50:00,2nd,-1,1,0
610,2026-05-20 15:50:00,3rd,0,0,0
610,2026-05-20 15:50:00,4th,0,0,0
610,2026-05-20 15:50:00,5th,0,0,0
610,2026-05-20 15:50:00,6th,1,1,2
610,2026-05-20 15:50:00,7th,-1,2,1
611,2026-05-20 14:05:00,1st,0,3,3
611,2026-05-20 14:05:00,2nd,2,1,3
611,2026-05-20 14:05:00,3rd,-1,2,1
611,2026-05-20 14:05:00,4th,0,0,0
611,2026-05-20 14:05:00,5th,0,0,0
611,2026-05-20 14:05:00,6th,-1,1,0
611,2026-05-20 14:05:00,7th,1,0,1
612,2026-05-20 20:50:00,1st,0,1,1
612,2026-05-20 20:50:00,2nd,0,0,0
612,2026-05-20 20:50:00,3rd,-1,1,0
612,2026-05-20 20:50:00,4th,-1,1,0
612,2026-05-20 20:50:00,5th,0,0,0
612,2026-05-20 20:50:00,6th,0,1,1
612,2026-05-20 20:50:00,7th,0,0,0
613,2026-05-20 18:50:00,1st,1,0,1
613,2026-05-20 18:50:00,2nd,0,1,1
613,2026-05-20 18:50:00,3rd,2,0,2
613,2026-05-20 18:50:00,4th,0,0,0
613,2026-05-20 18:50:00,5th,0,0,0
613,2026-05-20 18:50:00,6th,0,1,1
613,2026-05-20 18:50:00,7th,0,0,0
614,2026-05-20 16:35:00,1st,-2,3,1
614,2026-05-20 16:35:00,2nd,0,0,0
614,2026-05-20 16:35:00,3rd,0,0,0
614,2026-05-20 16:35:00,4th,0,0,0
614,2026-05-20 16:35:00,5th,0,0,0
614,2026-05-20 16:35:00,6th,1,1,2
614,2026-05-20 16:35:00,7th,1,0,1
615,2026-05-21 10:20:00,1st,0,1,1
615,2026-05-21 10:20:00,2nd,-1,1,0
615,2026-05-21 10:20:00,3rd,0,0,0
615,2026-05-21 10:20:00,4th,0,0,0
615,2026-05-21 10:20:00,5th,0,0,0
615,2026-05-21 10:20:00,6th,0,1,1
615,2026-05-21 10:20:00,7th,-1,1,0
616,2026-05-21 04:05:00,1st,0,0,0
616,2026-05-21 04:05:00,2nd,0,0,0
616,2026-05-21 04:05:00,3rd,0,0,0
616,2026-05-21 04:05:00,4th,1,0,1
616,2026-05-21 04:05:00,5th,0,0,0
616,2026-05-21 04:05:00,6th,0,0,0
616,2026-05-21 04:05:00,7th,0,0,0
617,2026-05-20 10:20:00,1st,-1,1,0
617,2026-05-20 10:20:00,2nd,0,0,0
617,2026-05-20 10:20:00,3rd,-1,1,0
617,2026-05-20 10:20:00,4th,0,0,0
617,2026-05-20 10:20:00,5th,0,0,0
617,2026-05-20 10:20:00,6th,0,1,1
617,2026-05-20 10:20:00,7th,2,0,2
618,2026-05-20 10:35:00,1st,-1,1,0
618,2026-05-20 10:35:00,2nd,0,0,0
618,2026-05-20 10:35:00,3rd,1,0,1
618,2026-05-20 10:35:00,4th,0,0,0
618,2026-05-20 10:35:00,5th,0,0,0
618,2026-05-20 10:35:00,6th,0,0,0
618,2026-05-20 10:35:00,7th,0,1,1
619,2026-05-20 13:50:00,1st,0,2,2
619,2026-05-20 13:50:00,2nd,-1,1,0
619,2026-05-20 13:50:00,3rd,0,0,0
619,2026-05-20 13:50:00,4th,0,0,0
619,2026-05-20 13:50:00,5th,0,0,0
619,2026-05-20 13:50:00,6th,1,3,4
619,2026-05-20 13:50:00,7th,3,0,3
620,2026-05-21 01:50:00,1st,0,0,0
620,2026-05-21 01:50:00,2nd,0,0,0
620,2026-05-21 01:50:00,3rd,0,0,0
620,2026-05-21 01:50:00,4th,0,0,0
620,2026-05-21 01:50:00,5th,0,0,0
620,2026-05-21 01:50:00,6th,0,0,0
620,2026-05-21 01:50:00,7th,0,1,1
621,2026-05-20 12:05:00,1st,0,2,2
621,2026-05-20 12:05:00,2nd,1,1,2
621,2026-05-20 12:05:00,3rd,-1,1,0
621,2026-05-20 12:05:00,4th,0,1,1
621,2026-05-20 12:05:00,5th,1,0,1
621,2026-05-20 12:05:00,6th,0,1,1
621,2026-05-20 12:05:00,7th,1,0,1
622,2026-05-20 12:05:00,1st,0,2,2
622,2026-05-20 12:05:00,2nd,1,1,2
622,2026-05-20 12:05:00,3rd,-1,1,0
622,2026-05-20 12:05:00,4th,0,1,1
622,2026-05-20 12:05:00,5th,1,0,1
622,2026-05-20 12:05:00,6th,0,1,1
622,2026-05-20 12:05:00,7th,1,0,1
623,2026-05-21 10:35:00,1st,-1,6,5
623,2026-05-21 10:35:00,2nd,1,0,1
623,2026-05-21 10:35:00,3rd,-1,1,0
623,2026-05-21 10:35:00,4th,0,0,0
623,2026-05-21 10:35:00,5th,0,0,0
623,2026-05-21 10:35:00,6th,0,1,1
623,2026-05-21 10:35:00,7th,1,0,1
624,2026-05-21 08:50:00,1st,0,0,0
624,2026-05-21 08:50:00,2nd,-1,1,0
624,2026-05-21 08:50:00,3rd,-1,2,1
624,2026-05-21 08:50:00,4th,0,0,0
624,2026-05-21 08:50:00,5th,0,0,0
624,2026-05-21 08:50:00,6th,-1,1,0
624,2026-05-21 08:50:00,7th,0,0,0
625,2026-05-21 01:20:00,1st,-1,1,0
625,2026-05-21 01:20:00,2nd,0,2,2
625,2026-05-21 01:20:00,3rd,0,0,0
625,2026-05-21 01:20:00,4th,0,0,0
625,2026-05-21 01:20:00,5th,0,0,0
625,2026-05-21 01:20:00,6th,0,0,0
625,2026-05-21 01:20:00,7th,0,0,0
626,2026-05-20 16:50:00,1st,-1,1,0
626,2026-05-20 16:50:00,2nd,0,0,0
626,2026-05-20 16:50:00,3rd,0,0,0
626,2026-05-20 16:50:00,4th,-1,1,0
626,2026-05-20 16:50:00,5th,0,0,0
626,2026-05-20 16:50:00,6th,-1,1,0
626,2026-05-20 16:50:00,7th,0,0,0
627,2026-05-20 23:35:00,1st,3,3,6
627,2026-05-20 23:35:00,2nd,0,0,0
627,2026-05-20 23:35:00,3rd,1,0,1
627,2026-05-20 23:35:00,4th,0,0,0
627,2026-05-20 23:35:00,5th,0,0,0
627,2026-05-20 23:35:00,6th,1,0,1
627,2026-05-20 23:35:00,7th,-1,1,0
628,2026-05-20 15:05:00,1st,0,3,3
628,2026-05-20 15:05:00,2nd,0,0,0
628,2026-05-20 15:05:00,3rd,0,0,0
628,2026-05-20 15:05:00,4th,0,0,0
628,2026-05-20 15:05:00,5th,0,0,0
628,2026-05-20 15:05:00,6th,-1,2,1
628,2026-05-20 15:05:00,7th,0,0,0
629,2026-05-20 06:50:00,1st,0,0,0
629,2026-05-20 06:50:00,2nd,-1,1,0
629,2026-05-20 06:50:00,3rd,0,0,0
629,2026-05-20 06:50:00,4th,0,0,0
629,2026-05-20 06:50:00,5th,0,0,0
629,2026-05-20 06:50:00,6th,-2,2,0
629,2026-05-20 06:50:00,7th,-1,1,0
630,2026-05-21 07:50:00,1st,0,0,0
630,2026-05-21 07:50:00,2nd,-1,1,0
630,2026-05-21 07:50:00,3rd,0,0,0
630,2026-05-21 07:50:00,4th,0,0,0
630,2026-05-21 07:50:00,5th,1,1,2
630,2026-05-21 07:50:00,6th,0,0,0
630,2026-05-21 07:50:00,7th,-1,1,0
631,2026-05-21 10:20:00,1st,0,1,1
631,2026-05-21 10:20:00,2nd,-1,1,0
631,2026-05-21 10:20:00,3rd,0,0,0
631,2026-05-21 10:20:00,4th,0,0,0
631,2026-05-21 10:20:00,5th,0,0,0
631,2026-05-21 10:20:00,6th,0,1,1
631,2026-05-21 10:20:00,7th,-1,1,0
632,2026-05-20 07:50:00,1st,0,1,1
632,2026-05-20 07:50:00,2nd,-1,1,0
632,2026-05-20 07:50:00,3rd,0,0,0
632,2026-05-20 07:50:00,4th,0,0,0
632,2026-05-20 07:50:00,5th,0,0,0
632,2026-05-20 07:50:00,6th,0,1,1
632,2026-05-20 07:50:00,7th,1,0,1
633,2026-05-20 21:35:00,1st,0,1,1
633,2026-05-20 21:35:00,2nd,0,0,0
633,2026-05-20 21:35:00,3rd,0,1,1
633,2026-05-20 21:35:00,4th,0,0,0
633,2026-05-20 21:35:00,5th,1,0,1
633,2026-05-20 21:35:00,6th,0,0,0
633,2026-05-20 21:35:00,7th,-1,2,1
634,2026-05-21 10:05:00,1st,0,0,0
634,2026-05-21 10:05:00,2nd,0,0,0
634,2026-05-21 10:05:00,3rd,0,0,0
634,2026-05-21 10:05:00,4th,0,0,0
634,2026-05-21 10:05:00,5th,0,0,0
634,2026-05-21 10:05:00,6th,-1,2,1
634,2026-05-21 10:05:00,7th,0,0,0
635,2026-05-21 05:35:00,1st,-1,1,0
635,2026-05-21 05:35:00,2nd,-1,1,0
635,2026-05-21 05:35:00,3rd,0,0,0
635,2026-05-21 05:35:00,4th,0,0,0
635,2026-05-21 05:35:00,5th,0,0,0
635,2026-05-21 05:35:00,6th,0,1,1
635,2026-05-21 05:35:00,7th,0,0,0
636,2026-05-21 08:50:00,1st,0,0,0
636,2026-05-21 08:50:00,2nd,-1,1,0
636,2026-05-21 08:50:00,3rd,-1,2,1
636,2026-05-21 08:50:00,4th,0,0,0
636,2026-05-21 08:50:00,5th,0,0,0
636,2026-05-21 08:50:00,6th,-1,1,0
636,2026-05-21 08:50:00,7th,0,0,0
637,2026-05-21 05:05:00,1st,1,1,2
637,2026-05-21 05:05:00,2nd,0,0,0
637,2026-05-21 05:05:00,3rd,-1,2,1
637,2026-05-21 05:05:00,4th,0,0,0
637,2026-05-21 05:05:00,5th,0,0,0
637,2026-05-21 05:05:00,6th,1,0,1
637,2026-05-21 05:05:00,7th,1,0,1
638,2026-05-21 00:20:00,1st,2,1,3
638,2026-05-21 00:20:00,2nd,0,0,0
638,2026-05-21 00:20:00,3rd,0,0,0
638,2026-05-21 00:20:00,4th,0,0,0
638,2026-05-21 00:20:00,5th,0,0,0
638,2026-05-21 00:20:00,6th,0,0,0
638,2026-05-21 00:20:00,7th,0,0,0
639,2026-05-20 20:05:00,1st,2,2,4
639,2026-05-20 20:05:00,2nd,0,1,1
639,2026-05-20 20:05:00,3rd,1,1,2
639,2026-05-20 20:05:00,4th,0,0,0
639,2026-05-20 20:05:00,5th,1,2,3
639,2026-05-20 20:05:00,6th,0,0,0
639,2026-05-20 20:05:00,7th,-1,1,0
640,2026-05-20 21:35:00,1st,0,1,1
640,2026-05-20 21:35:00,2nd,0,0,0
640,2026-05-20 21:35:00,3rd,0,1,1
640,2026-05-20 21:35:00,4th,0,0,0
640,2026-05-20 21:35:00,5th,1,0,1
640,2026-05-20 21:35:00,6th,0,0,0
640,2026-05-20 21:35:00,7th,-1,2,1
641,2026-05-20 07:05:00,1st,3,3,6
641,2026-05-20 07:05:00,2nd,-1,1,0
641,2026-05-20 07:05:00,3rd,0,0,0
641,2026-05-20 07:05:00,4th,0,0,0
641,2026-05-20 07:05:00,5th,0,0,0
641,2026-05-20 07:05:00,6th,-1,2,1
641,2026-05-20 07:05:00,7th,0,0,0
642,2026-05-20 20:35:00,1st,0,0,0
642,2026-05-20 20:35:00,2nd,-1,1,0
642,2026-05-20 20:35:00,3rd,0,1,1
642,2026-05-20 20:35:00,4th,0,0,0
642,2026-05-20 20:35:00,5th,0,0,0
642,2026-05-20 20:35:00,6th,1,3,4
642,2026-05-20 20:35:00,7th,0,0,0
643,2026-05-20 07:20:00,1st,1,0,1
643,2026-05-20 07:20:00,2nd,1,0,1
643,2026-05-20 07:20:00,3rd,0,0,0
643,2026-05-20 07:20:00,4th,0,0,0
643,2026-05-20 07:20:00,5th,-1,1,0
643,2026-05-20 07:20:00,6th,1,0,1
643,2026-05-20 07:20:00,7th,1,0,1
644,2026-05-20 08:35:00,1st,1,1,2
644,2026-05-20 08:35:00,2nd,0,0,0
644,2026-05-20 08:35:00,3rd,1,0,1
644,2026-05-20 08:35:00,4th,0,0,0
644,2026-05-20 08:35:00,5th,0,0,0
644,2026-05-20 08:35:00,6th,0,0,0
644,2026-05-20 08:35:00,7th,0,0,0
645,2026-05-21 06:05:00,1st,1,0,1
645,2026-05-21 06:05:00,2nd,0,0,0
645,2026-05-21 06:05:00,3rd,0,0,0
645,2026-05-21 06:05:00,4th,0,0,0
645,2026-05-21 06:05:00,5th,0,0,0
645,2026-05-21 06:05:00,6th,0,0,0
645,2026-05-21 06:05:00,7th,0,1,1
646,2026-05-20 08:50:00,1st,0,0,0
646,2026-05-20 08:50:00,2nd,-1,1,0
646,2026-05-20 08:50:00,3rd,0,0,0
646,2026-05-20 08:50:00,4th,0,0,0
646,2026-05-20 08:50:00,5th,0,0,0
646,2026-05-20 08:50:00,6th,0,0,0
646,2026-05-20 08:50:00,7th,-1,1,0
647,2026-05-20 21:35:00,1st,0,1,1
647,2026-05-20 21:35:00,2nd,0,0,0
647,2026-05-20 21:35:00,3rd,0,1,1
647,2026-05-20 21:35:00,4th,0,0,0
647,2026-05-20 21:35:00,5th,1,0,1
647,2026-05-20 21:35:00,6th,0,0,0
647,2026-05-20 21:35:00,7th,-1,2,1
648,2026-05-21 00:50:00,1st,-1,4,3
648,2026-05-21 00:50:00,2nd,1,0,1
648,2026-05-21 00:50:00,3rd,0,3,3
648,2026-05-21 00:50:00,4th,1,0,1
648,2026-05-21 00:50:00,5th,0,0,0
648,2026-05-21 00:50:00,6th,0,0,0
648,2026-05-21 00:50:00,7th,0,0,0
649,2026-05-20 07:05:00,1st,3,3,6
649,2026-05-20 07:05:00,2nd,-1,1,0
649,2026-05-20 07:05:00,3rd,0,0,0
649,2026-05-20 07:05:00,4th,0,0,0
649,2026-05-20 07:05:00,5th,0,0,0
649,2026-05-20 07:05:00,6th,-1,2,1
649,2026-05-20 07:05:00,7th,0,0,0
650,2026-05-21 09:35:00,1st,-1,1,0
650,2026-05-21 09:35:00,2nd,1,0,1
650,2026-05-21 09:35:00,3rd,0,0,0
650,2026-05-21 09:35:00,4th,0,0,0
650,2026-05-21 09:35:00,5th,0,0,0
650,2026-05-21 09:35:00,6th,0,0,0
650,2026-05-21 09:35:00,7th,0,0,0
651,2026-05-20 17:35:00,1st,0,2,2
651,2026-05-20 17:35:00,2nd,0,0,0
651,2026-05-20 17:35:00,3rd,0,1,1
651,2026-05-20 17:35:00,4th,0,0,0
651,2026-05-20 17:35:00,5th,0,0,0
651,2026-05-20 17:35:00,6th,-1,1,0
651,2026-05-20 17:35:00,7th,1,0,1
652,2026-05-20 20:05:00,1st,2,2,4
652,2026-05-20 20:05:00,2nd,0,1,1
652,2026-05-20 20:05:00,3rd,1,1,2
652,2026-05-20 20:05:00,4th,0,0,0
652,2026-05-20 20:05:00,5th,1,2,3
652,2026-05-20 20:05:00,6th,0,0,0
652,2026-05-20 20:05:00,7th,-1,1,0
653,2026-05-21 09:20:00,1st,2,0,2
653,2026-05-21 09:20:00,2nd,0,1,1
653,2026-05-21 09:20:00,3rd,0,0,0
653,2026-05-21 09:20:00,4th,0,0,0
653,2026-05-21 09:20:00,5th,0,0,0
653,2026-05-21 09:20:00,6th,0,0,0
653,2026-05-21 09:20:00,7th,0,0,0
654,2026-05-20 06:30:00,1st,0,0,0
654,2026-05-20 06:30:00,2nd,0,0,0
654,2026-05-20 06:30:00,3rd,0,0,0
654,2026-05-20 06:30:00,4th,0,0,0
654,2026-05-20 06:30:00,5th,0,0,0
654,2026-05-20 06:30:00,6th,0,0,0
654,2026-05-20 06:30:00,7th,1,0,1
655,2026-05-20 09:50:00,1st,-2,6,4
655,2026-05-20 09:50:00,2nd,0,0,0
655,2026-05-20 09:50:00,3rd,-1,1,0
655,2026-05-20 09:50:00,4th,0,0,0
655,2026-05-20 09:50:00,5th,0,0,0
655,2026-05-20 09:50:00,6th,0,0,0
655,2026-05-20 09:50:00,7th,0,0,0
656,2026-05-21 05:50:00,1st,-1,1,0
656,2026-05-21 05:50:00,2nd,1,0,1
656,2026-05-21 05:50:00,3rd,0,1,1
656,2026-05-21 05:50:00,4th,0,0,0
656,2026-05-21 05:50:00,5th,0,0,0
656,2026-05-21 05:50:00,6th,0,0,0
656,2026-05-21 05:50:00,7th,0,0,0
657,2026-05-20 14:50:00,1st,0,2,2
657,2026-05-20 14:50:00,2nd,1,0,1
657,2026-05-20 14:50:00,3rd,-1,1,0
657,2026-05-20 14:50:00,4th,0,0,0
657,2026-05-20 14:50:00,5th,0,0,0
657,2026-05-20 14:50:00,6th,1,0,1
657,2026-05-20 14:50:00,7th,0,0,0
658,2026-05-21 05:50:00,1st,-1,1,0
658,2026-05-21 05:50:00,2nd,1,0,1
658,2026-05-21 05:50:00,3rd,0,1,1
658,2026-05-21 05:50:00,4th,0,0,0
658,2026-05-21 05:50:00,5th,0,0,0
658,2026-05-21 05:50:00,6th,0,0,0
658,2026-05-21 05:50:00,7th,0,0,0
659,2026-05-21 08:50:00,1st,0,0,0
659,2026-05-21 08:50:00,2nd,-1,1,0
659,2026-05-21 08:50:00,3rd,-1,2,1
659,2026-05-21 08:50:00,4th,0,0,0
659,2026-05-21 08:50:00,5th,0,0,0
659,2026-05-21 08:50:00,6th,-1,1,0
659,2026-05-21 08:50:00,7th,0,0,0
660,2026-05-20 15:35:00,1st,4,0,4
660,2026-05-20 15:35:00,2nd,-1,1,0
660,2026-05-20 15:35:00,3rd,0,0,0
660,2026-05-20 15:35:00,4th,0,0,0
660,2026-05-20 15:35:00,5th,0,0,0
660,2026-05-20 15:35:00,6th,0,0,0
660,2026-05-20 15:35:00,7th,0,0,0
661,2026-05-20 06:30:00,1st,0,0,0
661,2026-05-20 06:30:00,2nd,0,0,0
661,2026-05-20 06:30:00,3rd,0,0,0
661,2026-05-20 06:30:00,4th,0,0,0
661,2026-05-20 06:30:00,5th,0,0,0
661,2026-05-20 06:30:00,6th,0,0,0
661,2026-05-20 06:30:00,7th,1,0,1
662,2026-05-21 00:35:00,1st,-1,3,2
662,2026-05-21 00:35:00,2nd,0,0,0
662,2026-05-21 00:35:00,3rd,0,2,2
662,2026-05-21 00:35:00,4th,0,0,0
662,2026-05-21 00:35:00,5th,0,0,0
662,2026-05-21 00:35:00,6th,0,0,0
662,2026-05-21 00:35:00,7th,0,0,0
663,2026-05-21 05:05:00,1st,1,1,2
663,2026-05-21 05:05:00,2nd,0,0,0
663,2026-05-21 05:05:00,3rd,-1,2,1
663,2026-05-21 05:05:00,4th,0,0,0
663,2026-05-21 05:05:00,5th,0,0,0
663,2026-05-21 05:05:00,6th,1,0,1
663,2026-05-21 05:05:00,7th,1,0,1
664,2026-05-20 10:20:00,1st,-1,1,0
664,2026-05-20 10:20:00,2nd,0,0,0
664,2026-05-20 10:20:00,3rd,-1,1,0
664,2026-05-20 10:20:00,4th,0,0,0
664,2026-05-20 10:20:00,5th,0,0,0
664,2026-05-20 10:20:00,6th,0,1,1
664,2026-05-20 10:20:00,7th,2,0,2
665,2026-05-20 13:20:00,1st,-1,1,0
665,2026-05-20 13:20:00,2nd,0,0,0
665,2026-05-20 13:20:00,3rd,-2,2,0
665,2026-05-20 13:20:00,4th,0,0,0
665,2026-05-20 13:20:00,5th,0,0,0
665,2026-05-20 13:20:00,6th,-1,1,0
665,2026-05-20 13:20:00,7th,0,0,0
666,2026-05-20 10:50:00,1st,-1,1,0
666,2026-05-20 10:50:00,2nd,0,0,0
666,2026-05-20 10:50:00,3rd,0,0,0
666,2026-05-20 10:50:00,4th,0,0,0
666,2026-05-20 10:50:00,5th,0,0,0
666,2026-05-20 10:50:00,6th,0,1,1
666,2026-05-20 10:50:00,7th,-1,1,0
667,2026-05-20 22:35:00,1st,-2,3,1
667,2026-05-20 22:35:00,2nd,1,0,1
667,2026-05-20 22:35:00,3rd,0,0,0
667,2026-05-20 22:35:00,4th,0,0,0
667,2026-05-20 22:35:00,5th,0,0,0
667,2026-05-20 22:35:00,6th,0,2,2
667,2026-05-20 22:35:00,7th,1,0,1
668,2026-05-21 01:35:00,1st,1,0,1
668,2026-05-21 01:35:00,2nd,0,0,0
668,2026-05-21 01:35:00,3rd,0,0,0
668,2026-05-21 01:35:00,4th,0,0,0
668,2026-05-21 01:35:00,5th,0,0,0
668,2026-05-21 01:35:00,6th,0,0,0
668,2026-05-21 01:35:00,7th,0,1,1
669,2026-05-20 07:20:00,1st,1,0,1
669,2026-05-20 07:20:00,2nd,1,0,1
669,2026-05-20 07:20:00,3rd,0,0,0
669,2026-05-20 07:20:00,4th,0,0,0
669,2026-05-20 07:20:00,5th,-1,1,0
669,2026-05-20 07:20:00,6th,1,0,1
669,2026-05-20 07:20:00,7th,1,0,1
670,2026-05-20 20:05:00,1st,2,2,4
670,2026-05-20 20:05:00,2nd,0,1,1
670,2026-05-20 20:05:00,3rd,1,1,2
670,2026-05-20 20:05:00,4th,0,0,0
670,2026-05-20 20:05:00,5th,1,2,3
670,2026-05-20 20:05:00,6th,0,0,0
670,2026-05-20 20:05:00,7th,-1,1,0
671,2026-05-21 02:05:00,1st,0,0,0
671,2026-05-21 02:05:00,2nd,0,1,1
671,2026-05-21 02:05:00,3rd,0,0,0
671,2026-05-21 02:05:00,4th,0,0,0
671,2026-05-21 02:05:00,5th,0,0,0
671,2026-05-21 02:05:00,6th,0,0,0
671,2026-05-21 02:05:00,7th,0,0,0
672,2026-05-20 22:20:00,1st,-4,4,0
672,2026-05-20 22:20:00,2nd,0,0,0
672,2026-05-20 22:20:00,3rd,1,0,1
672,2026-05-20 22:20:00,4th,0,0,0
672,2026-05-20 22:20:00,5th,0,0,0
672,2026-05-20 22:20:00,6th,-1,1,0
672,2026-05-20 22:20:00,7th,-1,2,1
673,2026-05-21 10:20:00,1st,0,1,1
673,2026-05-21 10:20:00,2nd,-1,1,0
673,2026-05-21 10:20:00,3rd,0,0,0
673,2026-05-21 10:20:00,4th,0,0,0
673,2026-05-21 10:20:00,5th,0,0,0
673,2026-05-21 10:20:00,6th,0,1,1
673,2026-05-21 10:20:00,7th,-1,1,0
674,2026-05-20 20:35:00,1st,0,0,0
674,2026-05-20 20:35:00,2nd,-1,1,0
674,2026-05-20 20:35:00,3rd,0,1,1
674,2026-05-20 20:35:00,4th,0,0,0
674,2026-05-20 20:35:00,5th,0,0,0
674,2026-05-20 20:35:00,6th,1,3,4
674,2026-05-20 20:35:00,7th,0,0,0
675,2026-05-21 08:50:00,1st,0,0,0
675,2026-05-21 08:50:00,2nd,-1,1,0
675,2026-05-21 08:50:00,3rd,-1,2,1
675,2026-05-21 08:50:00,4th,0,0,0
675,2026-05-21 08:50:00,5th,0,0,0
675,2026-05-21 08:50:00,6th,-1,1,0
675,2026-05-21 08:50:00,7th,0,0,0
676,2026-05-21 09:05:00,1st,-1,2,1
676,2026-05-21 09:05:00,2nd,0,0,0
676,2026-05-21 09:05:00,3rd,2,0,2
676,2026-05-21 09:05:00,4th,0,0,0
676,2026-05-21 09:05:00,5th,0,0,0
676,2026-05-21 09:05:00,6th,2,0,2
676,2026-05-21 09:05:00,7th,0,0,0
677,2026-05-20 11:20:00,1st,-4,4,0
677,2026-05-20 11:20:00,2nd,1,0,1
677,2026-05-20 11:20:00,3rd,0,0,0
677,2026-05-20 11:20:00,4th,0,0,0
677,2026-05-20 11:20:00,5th,0,0,0
677,2026-05-20 11:20:00,6th,0,1,1
677,2026-05-20 11:20:00,7th,0,0,0
678,2026-05-21 04:50:00,1st,0,0,0
678,2026-05-21 04:50:00,2nd,-1,1,0
678,2026-05-21 04:50:00,3rd,0,0,0
678,2026-05-21 04:50:00,4th,0,0,0
678,2026-05-21 04:50:00,5th,0,0,0
678,2026-05-21 04:50:00,6th,-1,1,0
678,2026-05-21 04:50:00,7th,0,0,0
679,2026-05-20 23:05:00,1st,-1,3,2
679,2026-05-20 23:05:00,2nd,3,0,3
679,2026-05-20 23:05:00,3rd,-1,1,0
679,2026-05-20 23:05:00,4th,0,0,0
679,2026-05-20 23:05:00,5th,0,0,0
679,2026-05-20 23:05:00,6th,2,0,2
679,2026-05-20 23:05:00,7th,0,2,2
680,2026-05-21 07:50:00,1st,0,0,0
680,2026-05-21 07:50:00,2nd,-1,1,0
680,2026-05-21 07:50:00,3rd,0,0,0
680,2026-05-21 07:50:00,4th,0,0,0
680,2026-05-21 07:50:00,5th,1,1,2
680,2026-05-21 07:50:00,6th,0,0,0
680,2026-05-21 07:50:00,7th,-1,1,0
681,2026-05-20 13:05:00,1st,1,0,1
681,2026-05-20 13:05:00,2nd,1,0,1
681,2026-05-20 13:05:00,3rd,1,0,1
681,2026-05-20 13:05:00,4th,0,0,0
681,2026-05-20 13:05:00,5th,0,0,0
681,2026-05-20 13:05:00,6th,0,0,0
681,2026-05-20 13:05:00,7th,-1,2,1
682,2026-05-20 14:20:00,1st,0,2,2
682,2026-05-20 14:20:00,2nd,-2,3,1
682,2026-05-20 14:20:00,3rd,0,0,0
682,2026-05-20 14:20:00,4th,0,0,0
682,2026-05-20 14:20:00,5th,0,0,0
682,2026-05-20 14:20:00,6th,0,1,1
682,2026-05-20 14:20:00,7th,0,0,0
683,2026-05-20 17:20:00,1st,-1,2,1
683,2026-05-20 17:20:00,2nd,0,0,0
683,2026-05-20 17:20:00,3rd,-1,1,0
683,2026-05-20 17:20:00,4th,0,0,0
683,2026-05-20 17:20:00,5th,0,0,0
683,2026-05-20 17:20:00,6th,0,0,0
683,2026-05-20 17:20:00,7th,1,1,2
684,2026-05-21 10:05:00,1st,0,0,0
684,2026-05-21 10:05:00,2nd,0,0,0
684,2026-05-21 10:05:00,3rd,0,0,0
684,2026-05-21 10:05:00,4th,0,0,0
684,2026-05-21 10:05:00,5th,0,0,0
684,2026-05-21 10:05:00,6th,-1,2,1
684,2026-05-21 10:05:00,7th,0,0,0
685,2026-05-21 10:35:00,1st,-1,6,5
685,2026-05-21 10:35:00,2nd,1,0,1
685,2026-05-21 10:35:00,3rd,-1,1,0
685,2026-05-21 10:35:00,4th,0,0,0
685,2026-05-21 10:35:00,5th,0,0,0
685,2026-05-21 10:35:00,6th,0,1,1
685,2026-05-21 10:35:00,7th,1,0,1
686,2026-05-21 05:35:00,1st,-1,1,0
686,2026-05-21 05:35:00,2nd,-1,1,0
686,2026-05-21 05:35:00,3rd,0,0,0
686,2026-05-21 05:35:00,4th,0,0,0
686,2026-05-21 05:35:00,5th,0,0,0
686,2026-05-21 05:35:00,6th,0,1,1
686,2026-05-21 05:35:00,7th,0,0,0
687,2026-05-20 07:50:00,1st,0,1,1
687,2026-05-20 07:50:00,2nd,-1,1,0
687,2026-05-20 07:50:00,3rd,0,0,0
687,2026-05-20 07:50:00,4th,0,0,0
687,2026-05-20 07:50:00,5th,0,0,0
687,2026-05-20 07:50:00,6th,0,1,1
687,2026-05-20 07:50:00,7th,1,0,1
688,2026-05-20 09:05:00,1st,1,0,1
688,2026-05-20 09:05:00,2nd,0,0,0
688,2026-05-20 09:05:00,3rd,0,0,0
688,2026-05-20 09:05:00,4th,0,0,0
688,2026-05-20 09:05:00,5th,0,0,0
688,2026-05-20 09:05:00,6th,1,0,1
688,2026-05-20 09:05:00,7th,0,1,1
689,2026-05-21 00:35:00,1st,-1,3,2
689,2026-05-21 00:35:00,2nd,0,0,0
689,2026-05-21 00:35:00,3rd,0,2,2
689,2026-05-21 00:35:00,4th,0,0,0
689,2026-05-21 00:35:00,5th,0,0,0
689,2026-05-21 00:35:00,6th,0,0,0
689,2026-05-21 00:35:00,7th,0,0,0
690,2026-05-20 08:50:00,1st,0,0,0
690,2026-05-20 08:50:00,2nd,-1,1,0
690,2026-05-20 08:50:00,3rd,0,0,0
690,2026-05-20 08:50:00,4th,0,0,0
690,2026-05-20 08:50:00,5th,0,0,0
690,2026-05-20 08:50:00,6th,0,0,0
690,2026-05-20 08:50:00,7th,-1,1,0
691,2026-05-21 09:50:00,1st,0,1,1
691,2026-05-21 09:50:00,2nd,1,1,2
691,2026-05-21 09:50:00,3rd,0,0,0
691,2026-05-21 09:50:00,4th,0,0,0
691,2026-05-21 09:50:00,5th,0,0,0
691,2026-05-21 09:50:00,6th,0,0,0
691,2026-05-21 09:50:00,7th,0,0,0
692,2026-05-20 11:35:00,1st,2,2,4
692,2026-05-20 11:35:00,2nd,0,0,0
692,2026-05-20 11:35:00,3rd,0,2,2
692,2026-05-20 11:35:00,4th,0,0,0
692,2026-05-20 11:35:00,5th,0,0,0
692,2026-05-20 11:35:00,6th,1,0,1
692,2026-05-20 11:35:00,7th,-1,2,1
693,2026-05-21 09:05:00,1st,-1,2,1
693,2026-05-21 09:05:00,2nd,0,0,0
693,2026-05-21 09:05:00,3rd,2,0,2
693,2026-05-21 09:05:00,4th,0,0,0
693,2026-05-21 09:05:00,5th,0,0,0
693,2026-05-21 09:05:00,6th,2,0,2
693,2026-05-21 09:05:00,7th,0,0,0
694,2026-05-20 15:20:00,1st,-3,11,8
694,2026-05-20 15:20:00,2nd,-2,2,0
694,2026-05-20 15:20:00,3rd,0,0,0
694,2026-05-20 15:20:00,4th,0,0,0
694,2026-05-20 15:20:00,5th,0,0,0
694,2026-05-20 15:20:00,6th,1,0,1
694,2026-05-20 15:20:00,7th,0,0,0
695,2026-05-20 13:20:00,1st,-1,1,0
695,2026-05-20 13:20:00,2nd,0,0,0
695,2026-05-20 13:20:00,3rd,-2,2,0
695,2026-05-20 13:20:00,4th,0,0,0
695,2026-05-20 13:20:00,5th,0,0,0
695,2026-05-20 13:20:00,6th,-1,1,0
695,2026-05-20 13:20:00,7th,0,0,0
696,2026-05-20 12:20:00,1st,0,0,0
696,2026-05-20 12:20:00,2nd,-1,1,0
696,2026-05-20 12:20:00,3rd,0,0,0
696,2026-05-20 12:20:00,4th,1,0,1
696,2026-05-20 12:20:00,5th,0,0,0
696,2026-05-20 12:20:00,6th,1,1,2
696,2026-05-20 12:20:00,7th,0,0,0
697,2026-05-21 03:50:00,1st,0,0,0
697,2026-05-21 03:50:00,2nd,0,0,0
697,2026-05-21 03:50:00,3rd,0,0,0
697,2026-05-21 03:50:00,4th,-1,1,0
697,2026-05-21 03:50:00,5th,0,0,0
697,2026-05-21 03:50:00,6th,0,0,0
697,2026-05-21 03:50:00,7th,0,0,0
698,2026-05-20 07:50:00,1st,0,1,1
698,2026-05-20 07:50:00,2nd,-1,1,0
698,2026-05-20 07:50:00,3rd,0,0,0
698,2026-05-20 07:50:00,4th,0,0,0
698,2026-05-20 07:50:00,5th,0,0,0
698,2026-05-20 07:50:00,6th,0,1,1
698,2026-05-20 07:50:00,7th,1,0,1
699,2026-05-20 22:20:00,1st,-4,4,0
699,2026-05-20 22:20:00,2nd,0,0,0
699,2026-05-20 22:20:00,3rd,1,0,1
699,2026-05-20 22:20:00,4th,0,0,0
699,2026-05-20 22:20:00,5th,0,0,0
699,2026-05-20 22:20:00,6th,-1,1,0
699,2026-05-20 22:20:00,7th,-1,2,1
700,2026-05-20 18:20:00,1st,-1,2,1
700,2026-05-20 18:20:00,2nd,-1,1,0
700,2026-05-20 18:20:00,3rd,0,0,0
700,2026-05-20 18:20:00,4th,0,0,0
700,2026-05-20 18:20:00,5th,0,0,0
700,2026-05-20 18:20:00,6th,1,1,2
700,2026-05-20 18:20:00,7th,0,0,0
701,2026-05-20 21:05:00,1st,-4,4,0
701,2026-05-20 21:05:00,2nd,1,0,1
701,2026-05-20 21:05:00,3rd,2,0,2
701,2026-05-20 21:05:00,4th,0,0,0
701,2026-05-20 21:05:00,5th,0,0,0
701,2026-05-20 21:05:00,6th,0,1,1
701,2026-05-20 21:05:00,7th,-1,2,1
702,2026-05-20 13:35:00,1st,0,2,2
702,2026-05-20 13:35:00,2nd,0,0,0
702,2026-05-20 13:35:00,3rd,2,0,2
702,2026-05-20 13:35:00,4th,1,0,1
702,2026-05-20 13:35:00,5th,-1,1,0
702,2026-05-20 13:35:00,6th,0,0,0
702,2026-05-20 13:35:00,7th,0,0,0
703,2026-05-20 08:05:00,1st,1,2,3
703,2026-05-20 08:05:00,2nd,-1,1,0
703,2026-05-20 08:05:00,3rd,0,0,0
703,2026-05-20 08:05:00,4th,0,0,0
703,2026-05-20 08:05:00,5th,0,0,0
703,2026-05-20 08:05:00,6th,0,1,1
703,2026-05-20 08:05:00,7th,0,0,0
704,2026-05-20 18:50:00,1st,1,0,1
704,2026-05-20 18:50:00,2nd,0,1,1
704,2026-05-20 18:50:00,3rd,2,0,2
704,2026-05-20 18:50:00,4th,0,0,0
704,2026-05-20 18:50:00,5th,0,0,0
704,2026-05-20 18:50:00,6th,0,1,1
704,2026-05-20 18:50:00,7th,0,0,0
705,2026-05-20 14:50:00,1st,0,2,2
705,2026-05-20 14:50:00,2nd,1,0,1
705,2026-05-20 14:50:00,3rd,-1,1,0
705,2026-05-20 14:50:00,4th,0,0,0
705,2026-05-20 14:50:00,5th,0,0,0
705,2026-05-20 14:50:00,6th,1,0,1
705,2026-05-20 14:50:00,7th,0,0,0
706,2026-05-21 04:05:00,1st,0,0,0
706,2026-05-21 04:05:00,2nd,0,0,0
706,2026-05-21 04:05:00,3rd,0,0,0
706,2026-05-21 04:05:00,4th,1,0,1
706,2026-05-21 04:05:00,5th,0,0,0
706,2026-05-21 04:05:00,6th,0,0,0
706,2026-05-21 04:05:00,7th,0,0,0
707,2026-05-20 15:20:00,1st,-3,11,8
707,2026-05-20 15:20:00,2nd,-2,2,0
707,2026-05-20 15:20:00,3rd,0,0,0
707,2026-05-20 15:20:00,4th,0,0,0
707,2026-05-20 15:20:00,5th,0,0,0
707,2026-05-20 15:20:00,6th,1,0,1
707,2026-05-20 15:20:00,7th,0,0,0
708,2026-05-20 15:05:00,1st,0,3,3
708,2026-05-20 15:05:00,2nd,0,0,0
708,2026-05-20 15:05:00,3rd,0,0,0
708,2026-05-20 15:05:00,4th,0,0,0
708,2026-05-20 15:05:00,5th,0,0,0
708,2026-05-20 15:05:00,6th,-1,2,1
708,2026-05-20 15:05:00,7th,0,0,0
709,2026-05-20 16:50:00,1st,-1,1,0
709,2026-05-20 16:50:00,2nd,0,0,0
709,2026-05-20 16:50:00,3rd,0,0,0
709,2026-05-20 16:50:00,4th,-1,1,0
709,2026-05-20 16:50:00,5th,0,0,0
709,2026-05-20 16:50:00,6th,-1,1,0
709,2026-05-20 16:50:00,7th,0,0,0
710,2026-05-20 07:35:00,1st,1,1,2
710,2026-05-20 07:35:00,2nd,0,0,0
710,2026-05-20 07:35:00,3rd,0,0,0
710,2026-05-20 07:35:00,4th,0,0,0
710,2026-05-20 07:35:00,5th,-1,1,0
710,2026-05-20 07:35:00,6th,0,1,1
710,2026-05-20 07:35:00,7th,1,0,1
711,2026-05-20 19:50:00,1st,0,1,1
711,2026-05-20 19:50:00,2nd,0,0,0
711,2026-05-20 19:50:00,3rd,0,0,0
711,2026-05-20 19:50:00,4th,0,0,0
711,2026-05-20 19:50:00,5th,-1,2,1
711,2026-05-20 19:50:00,6th,-1,1,0
711,2026-05-20 19:50:00,7th,0,0,0
712,2026-05-21 06:05:00,1st,1,0,1
712,2026-05-21 06:05:00,2nd,0,0,0
712,2026-05-21 06:05:00,3rd,0,0,0
712,2026-05-21 06:05:00,4th,0,0,0
712,2026-05-21 06:05:00,5th,0,0,0
712,2026-05-21 06:05:00,6th,0,0,0
712,2026-05-21 06:05:00,7th,0,1,1
713,2026-05-20 20:05:00,1st,2,2,4
713,2026-05-20 20:05:00,2nd,0,1,1
713,2026-05-20 20:05:00,3rd,1,1,2
713,2026-05-20 20:05:00,4th,0,0,0
713,2026-05-20 20:05:00,5th,1,2,3
713,2026-05-20 20:05:00,6th,0,0,0
713,2026-05-20 20:05:00,7th,-1,1,0
714,2026-05-20 19:35:00,1st,-3,5,2
714,2026-05-20 19:35:00,2nd,0,0,0
714,2026-05-20 19:35:00,3rd,1,0,1
714,2026-05-20 19:35:00,4th,0,0,0
714,2026-05-20 19:35:00,5th,0,1,1
714,2026-05-20 19:35:00,6th,0,0,0
714,2026-05-20 19:35:00,7th,0,0,0
715,2026-05-20 19:35:00,1st,-3,5,2
715,2026-05-20 19:35:00,2nd,0,0,0
715,2026-05-20 19:35:00,3rd,1,0,1
715,2026-05-20 19:35:00,4th,0,0,0
715,2026-05-20 19:35:00,5th,0,1,1
715,2026-05-20 19:35:00,6th,0,0,0
715,2026-05-20 19:35:00,7th,0,0,0
716,2026-05-20 13:05:00,1st,1,0,1
716,2026-05-20 13:05:00,2nd,1,0,1
716,2026-05-20 13:05:00,3rd,1,0,1
716,2026-05-20 13:05:00,4th,0,0,0
716,2026-05-20 13:05:00,5th,0,0,0
716,2026-05-20 13:05:00,6th,0,0,0
716,2026-05-20 13:05:00,7th,-1,2,1
717,2026-05-20 09:20:00,1st,-1,1,0
717,2026-05-20 09:20:00,2nd,0,0,0
717,2026-05-20 09:20:00,3rd,0,0,0
717,2026-05-20 09:20:00,4th,0,0,0
717,2026-05-20 09:20:00,5th,-1,2,1
717,2026-05-20 09:20:00,6th,-1,1,0
717,2026-05-20 09:20:00,7th,0,0,0
718,2026-05-21 08:50:00,1st,0,0,0
718,2026-05-21 08:50:00,2nd,-1,1,0
718,2026-05-21 08:50:00,3rd,-1,2,1
718,2026-05-21 08:50:00,4th,0,0,0
718,2026-05-21 08:50:00,5th,0,0,0
718,2026-05-21 08:50:00,6th,-1,1,0
718,2026-05-21 08:50:00,7th,0,0,0
719,2026-05-21 04:05:00,1st,0,0,0
719,2026-05-21 04:05:00,2nd,0,0,0
719,2026-05-21 04:05:00,3rd,0,0,0
719,2026-05-21 04:05:00,4th,1,0,1
719,2026-05-21 04:05:00,5th,0,0,0
719,2026-05-21 04:05:00,6th,0,0,0
719,2026-05-21 04:05:00,7th,0,0,0
720,2026-05-21 02:05:00,1st,0,0,0
720,2026-05-21 02:05:00,2nd,0,1,1
720,2026-05-21 02:05:00,3rd,0,0,0
720,2026-05-21 02:05:00,4th,0,0,0
720,2026-05-21 02:05:00,5th,0,0,0
720,2026-05-21 02:05:00,6th,0,0,0
720,2026-05-21 02:05:00,7th,0,0,0
721,2026-05-20 08:05:00,1st,1,2,3
721,2026-05-20 08:05:00,2nd,-1,1,0
721,2026-05-20 08:05:00,3rd,0,0,0
721,2026-05-20 08:05:00,4th,0,0,0
721,2026-05-20 08:05:00,5th,0,0,0
721,2026-05-20 08:05:00,6th,0,1,1
721,2026-05-20 08:05:00,7th,0,0,0
722,2026-05-20 17:50:00,1st,1,0,1
722,2026-05-20 17:50:00,2nd,2,0,2
722,2026-05-20 17:50:00,3rd,0,0,0
722,2026-05-20 17:50:00,4th,0,0,0
722,2026-05-20 17:50:00,5th,0,0,0
722,2026-05-20 17:50:00,6th,1,0,1
722,2026-05-20 17:50:00,7th,0,0,0
723,2026-05-20 06:30:00,1st,0,0,0
723,2026-05-20 06:30:00,2nd,0,0,0
723,2026-05-20 06:30:00,3rd,0,0,0
723,2026-05-20 06:30:00,4th,0,0,0
723,2026-05-20 06:30:00,5th,0,0,0
723,2026-05-20 06:30:00,6th,0,0,0
723,2026-05-20 06:30:00,7th,1,0,1
724,2026-05-20 15:50:00,1st,-3,5,2
724,2026-05-20 15:50:00,2nd,-1,1,0
724,2026-05-20 15:50:00,3rd,0,0,0
724,2026-05-20 15:50:00,4th,0,0,0
724,2026-05-20 15:50:00,5th,0,0,0
724,2026-05-20 15:50:00,6th,1,1,2
724,2026-05-20 15:50:00,7th,-1,2,1
725,2026-05-20 09:05:00,1st,1,0,1
725,2026-05-20 09:05:00,2nd,0,0,0
725,2026-05-20 09:05:00,3rd,0,0,0
725,2026-05-20 09:05:00,4th,0,0,0
725,2026-05-20 09:05:00,5th,0,0,0
725,2026-05-20 09:05:00,6th,1,0,1
725,2026-05-20 09:05:00,7th,0,1,1
726,2026-05-20 08:20:00,1st,0,1,1
726,2026-05-20 08:20:00,2nd,0,0,0
726,2026-05-20 08:20:00,3rd,-1,1,0
726,2026-05-20 08:20:00,4th,0,0,0
726,2026-05-20 08:20:00,5th,0,0,0
726,2026-05-20 08:20:00,6th,0,0,0
726,2026-05-20 08:20:00,7th,0,0,0
727,2026-05-20 18:50:00,1st,1,0,1
727,2026-05-20 18:50:00,2nd,0,1,1
727,2026-05-20 18:50:00,3rd,2,0,2
727,2026-05-20 18:50:00,4th,0,0,0
727,2026-05-20 18:50:00,5th,0,0,0
727,2026-05-20 18:50:00,6th,0,1,1
727,2026-05-20 18:50:00,7th,0,0,0
728,2026-05-20 14:05:00,1st,0,3,3
728,2026-05-20 14:05:00,2nd,2,1,3
728,2026-05-20 14:05:00,3rd,-1,2,1
728,2026-05-20 14:05:00,4th,0,0,0
728,2026-05-20 14:05:00,5th,0,0,0
728,2026-05-20 14:05:00,6th,-1,1,0
728,2026-05-20 14:05:00,7th,1,0,1
729,2026-05-21 10:05:00,1st,0,0,0
729,2026-05-21 10:05:00,2nd,0,0,0
729,2026-05-21 10:05:00,3rd,0,0,0
729,2026-05-21 10:05:00,4th,0,0,0
729,2026-05-21 10:05:00,5th,0,0,0
729,2026-05-21 10:05:00,6th,-1,2,1
729,2026-05-21 10:05:00,7th,0,0,0
730,2026-05-21 01:35:00,1st,1,0,1
730,2026-05-21 01:35:00,2nd,0,0,0
730,2026-05-21 01:35:00,3rd,0,0,0
730,2026-05-21 01:35:00,4th,0,0,0
730,2026-05-21 01:35:00,5th,0,0,0
730,2026-05-21 01:35:00,6th,0,0,0
730,2026-05-21 01:35:00,7th,0,1,1
731,2026-05-20 15:50:00,1st,-3,5,2
731,2026-05-20 15:50:00,2nd,-1,1,0
731,2026-05-20 15:50:00,3rd,0,0,0
731,2026-05-20 15:50:00,4th,0,0,0
731,2026-05-20 15:50:00,5th,0,0,0
731,2026-05-20 15:50:00,6th,1,1,2
731,2026-05-20 15:50:00,7th,-1,2,1
732,2026-05-20 08:35:00,1st,1,1,2
732,2026-05-20 08:35:00,2nd,0,0,0
732,2026-05-20 08:35:00,3rd,1,0,1
732,2026-05-20 08:35:00,4th,0,0,0
732,2026-05-20 08:35:00,5th,0,0,0
732,2026-05-20 08:35:00,6th,0,0,0
732,2026-05-20 08:35:00,7th,0,0,0
733,2026-05-20 23:50:00,1st,-1,4,3
733,2026-05-20 23:50:00,2nd,0,2,2
733,2026-05-20 23:50:00,3rd,0,0,0
733,2026-05-20 23:50:00,4th,0,0,0
733,2026-05-20 23:50:00,5th,0,0,0
733,2026-05-20 23:50:00,6th,0,0,0
733,2026-05-20 23:50:00,7th,-1,1,0
734,2026-05-20 16:35:00,1st,-2,3,1
734,2026-05-20 16:35:00,2nd,0,0,0
734,2026-05-20 16:35:00,3rd,0,0,0
734,2026-05-20 16:35:00,4th,0,0,0
734,2026-05-20 16:35:00,5th,0,0,0
734,2026-05-20 16:35:00,6th,1,1,2
734,2026-05-20 16:35:00,7th,1,0,1
735,2026-05-20 16:35:00,1st,-2,3,1
735,2026-05-20 16:35:00,2nd,0,0,0
735,2026-05-20 16:35:00,3rd,0,0,0
735,2026-05-20 16:35:00,4th,0,0,0
735,2026-05-20 16:35:00,5th,0,0,0
735,2026-05-20 16:35:00,6th,1,1,2
735,2026-05-20 16:35:00,7th,1,0,1
736,2026-05-20 22:20:00,1st,-4,4,0
736,2026-05-20 22:20:00,2nd,0,0,0
736,2026-05-20 22:20:00,3rd,1,0,1
736,2026-05-20 22:20:00,4th,0,0,0
736,2026-05-20 22:20:00,5th,0,0,0
736,2026-05-20 22:20:00,6th,-1,1,0
736,2026-05-20 22:20:00,7th,-1,2,1
737,2026-05-20 17:20:00,1st,-1,2,1
737,2026-05-20 17:20:00,2nd,0,0,0
737,2026-05-20 17:20:00,3rd,-1,1,0
737,2026-05-20 17:20:00,4th,0,0,0
737,2026-05-20 17:20:00,5th,0,0,0
737,2026-05-20 17:20:00,6th,0,0,0
737,2026-05-20 17:20:00,7th,1,1,2
738,2026-05-21 02:35:00,1st,0,0,0
738,2026-05-21 02:35:00,2nd,0,0,0
738,2026-05-21 02:35:00,3rd,0,0,0
738,2026-05-21 02:35:00,4th,0,0,0
738,2026-05-21 02:35:00,5th,0,1,1
738,2026-05-21 02:35:00,6th,0,2,2
738,2026-05-21 02:35:00,7th,0,0,0
739,2026-05-21 07:05:00,1st,0,0,0
739,2026-05-21 07:05:00,2nd,0,0,0
739,2026-05-21 07:05:00,3rd,0,1,1
739,2026-05-21 07:05:00,4th,0,0,0
739,2026-05-21 07:05:00,5th,0,0,0
739,2026-05-21 07:05:00,6th,0,0,0
739,2026-05-21 07:05:00,7th,0,0,0
740,2026-05-21 02:35:00,1st,0,0,0
740,2026-05-21 02:35:00,2nd,0,0,0
740,2026-05-21 02:35:00,3rd,0,0,0
740,2026-05-21 02:35:00,4th,0,0,0
740,2026-05-21 02:35:00,5th,0,1,1
740,2026-05-21 02:35:00,6th,0,2,2
740,2026-05-21 02:35:00,7th,0,0,0
741,2026-05-21 10:20:00,1st,0,1,1
741,2026-05-21 10:20:00,2nd,-1,1,0
741,2026-05-21 10:20:00,3rd,0,0,0
741,2026-05-21 10:20:00,4th,0,0,0
741,2026-05-21 10:20:00,5th,0,0,0
741,2026-05-21 10:20:00,6th,0,1,1
741,2026-05-21 10:20:00,7th,-1,1,0
742,2026-05-20 14:20:00,1st,0,2,2
742,2026-05-20 14:20:00,2nd,-2,3,1
742,2026-05-20 14:20:00,3rd,0,0,0
742,2026-05-20 14:20:00,4th,0,0,0
742,2026-05-20 14:20:00,5th,0,0,0
742,2026-05-20 14:20:00,6th,0,1,1
742,2026-05-20 14:20:00,7th,0,0,0
743,2026-05-20 14:35:00,1st,-2,2,0
743,2026-05-20 14:35:00,2nd,0,1,1
743,2026-05-20 14:35:00,3rd,1,0,1
743,2026-05-20 14:35:00,4th,0,0,0
743,2026-05-20 14:35:00,5th,1,0,1
743,2026-05-20 14:35:00,6th,-1,2,1
743,2026-05-20 14:35:00,7th,1,0,1
744,2026-05-20 15:20:00,1st,-3,11,8
744,2026-05-20 15:20:00,2nd,-2,2,0
744,2026-05-20 15:20:00,3rd,0,0,0
744,2026-05-20 15:20:00,4th,0,0,0
744,2026-05-20 15:20:00,5th,0,0,0
744,2026-05-20 15:20:00,6th,1,0,1
744,2026-05-20 15:20:00,7th,0,0,0
745,2026-05-20 11:35:00,1st,2,2,4
745,2026-05-20 11:35:00,2nd,0,0,0
745,2026-05-20 11:35:00,3rd,0,2,2
745,2026-05-20 11:35:00,4th,0,0,0
745,2026-05-20 11:35:00,5th,0,0,0
745,2026-05-20 11:35:00,6th,1,0,1
745,2026-05-20 11:35:00,7th,-1,2,1
746,2026-05-20 10:35:00,1st,-1,1,0
746,2026-05-20 10:35:00,2nd,0,0,0
746,2026-05-20 10:35:00,3rd,1,0,1
746,2026-05-20 10:35:00,4th,0,0,0
746,2026-05-20 10:35:00,5th,0,0,0
746,2026-05-20 10:35:00,6th,0,0,0
746,2026-05-20 10:35:00,7th,0,1,1
747,2026-05-20 11:35:00,1st,2,2,4
747,2026-05-20 11:35:00,2nd,0,0,0
747,2026-05-20 11:35:00,3rd,0,2,2
747,2026-05-20 11:35:00,4th,0,0,0
747,2026-05-20 11:35:00,5th,0,0,0
747,2026-05-20 11:35:00,6th,1,0,1
747,2026-05-20 11:35:00,7th,-1,2,1
748,2026-05-21 02:05:00,1st,0,0,0
748,2026-05-21 02:05:00,2nd,0,1,1
748,2026-05-21 02:05:00,3rd,0,0,0
748,2026-05-21 02:05:00,4th,0,0,0
748,2026-05-21 02:05:00,5th,0,0,0
748,2026-05-21 02:05:00,6th,0,0,0
748,2026-05-21 02:05:00,7th,0,0,0
749,2026-05-20 20:05:00,1st,2,2,4
749,2026-05-20 20:05:00,2nd,0,1,1
749,2026-05-20 20:05:00,3rd,1,1,2
749,2026-05-20 20:05:00,4th,0,0,0
749,2026-05-20 20:05:00,5th,1,2,3
749,2026-05-20 20:05:00,6th,0,0,0
749,2026-05-20 20:05:00,7th,-1,1,0
750,2026-05-20 13:35:00,1st,0,2,2
750,2026-05-20 13:35:00,2nd,0,0,0
750,2026-05-20 13:35:00,3rd,2,0,2
750,2026-05-20 13:35:00,4th,1,0,1
750,2026-05-20 13:35:00,5th,-1,1,0
750,2026-05-20 13:35:00,6th,0,0,0
750,2026-05-20 13:35:00,7th,0,0,0
751,2026-05-21 00:05:00,1st,-1,3,2
751,2026-05-21 00:05:00,2nd,0,0,0
751,2026-05-21 00:05:00,3rd,-1,1,0
751,2026-05-21 00:05:00,4th,0,0,0
751,2026-05-21 00:05:00,5th,0,0,0
751,2026-05-21 00:05:00,6th,2,0,2
751,2026-05-21 00:05:00,7th,0,0,0
752,2026-05-20 19:20:00,1st,0,1,1
752,2026-05-20 19:20:00,2nd,0,0,0
752,2026-05-20 19:20:00,3rd,-1,1,0
752,2026-05-20 19:20:00,4th,0,0,0
752,2026-05-20 19:20:00,5th,0,0,0
752,2026-05-20 19:20:00,6th,0,0,0
752,2026-05-20 19:20:00,7th,1,1,2
753,2026-05-20 06:30:00,1st,0,0,0
753,2026-05-20 06:30:00,2nd,0,0,0
753,2026-05-20 06:30:00,3rd,0,0,0
753,2026-05-20 06:30:00,4th,0,0,0
753,2026-05-20 06:30:00,5th,0,0,0
753,2026-05-20 06:30:00,6th,0,0,0
753,2026-05-20 06:30:00,7th,1,0,1
754,2026-05-21 07:50:00,1st,0,0,0
754,2026-05-21 07:50:00,2nd,-1,1,0
754,2026-05-21 07:50:00,3rd,0,0,0
754,2026-05-21 07:50:00,4th,0,0,0
754,2026-05-21 07:50:00,5th,1,1,2
754,2026-05-21 07:50:00,6th,0,0,0
754,2026-05-21 07:50:00,7th,-1,1,0
755,2026-05-20 16:35:00,1st,-2,3,1
755,2026-05-20 16:35:00,2nd,0,0,0
755,2026-05-20 16:35:00,3rd,0,0,0
755,2026-05-20 16:35:00,4th,0,0,0
755,2026-05-20 16:35:00,5th,0,0,0
755,2026-05-20 16:35:00,6th,1,1,2
755,2026-05-20 16:35:00,7th,1,0,1
756,2026-05-20 06:30:00,1st,0,0,0
756,2026-05-20 06:30:00,2nd,0,0,0
756,2026-05-20 06:30:00,3rd,0,0,0
756,2026-05-20 06:30:00,4th,0,0,0
756,2026-05-20 06:30:00,5th,0,0,0
756,2026-05-20 06:30:00,6th,0,0,0
756,2026-05-20 06:30:00,7th,1,0,1
757,2026-05-20 11:20:00,1st,-4,4,0
757,2026-05-20 11:20:00,2nd,1,0,1
757,2026-05-20 11:20:00,3rd,0,0,0
757,2026-05-20 11:20:00,4th,0,0,0
757,2026-05-20 11:20:00,5th,0,0,0
757,2026-05-20 11:20:00,6th,0,1,1
757,2026-05-20 11:20:00,7th,0,0,0
758,2026-05-21 06:35:00,1st,0,0,0
758,2026-05-21 06:35:00,2nd,-1,1,0
758,2026-05-21 06:35:00,3rd,1,0,1
758,2026-05-21 06:35:00,4th,0,0,0
758,2026-05-21 06:35:00,5th,1,0,1
758,2026-05-21 06:35:00,6th,-1,1,0
758,2026-05-21 06:35:00,7th,0,0,0
759,2026-05-20 23:35:00,1st,3,3,6
759,2026-05-20 23:35:00,2nd,0,0,0
759,2026-05-20 23:35:00,3rd,1,0,1
759,2026-05-20 23:35:00,4th,0,0,0
759,2026-05-20 23:35:00,5th,0,0,0
759,2026-05-20 23:35:00,6th,1,0,1
759,2026-05-20 23:35:00,7th,-1,1,0
760,2026-05-21 02:35:00,1st,0,0,0
760,2026-05-21 02:35:00,2nd,0,0,0
760,2026-05-21 02:35:00,3rd,0,0,0
760,2026-05-21 02:35:00,4th,0,0,0
760,2026-05-21 02:35:00,5th,0,1,1
760,2026-05-21 02:35:00,6th,0,2,2
760,2026-05-21 02:35:00,7th,0,0,0
761,2026-05-20 15:20:00,1st,-3,11,8
761,2026-05-20 15:20:00,2nd,-2,2,0
761,2026-05-20 15:20:00,3rd,0,0,0
761,2026-05-20 15:20:00,4th,0,0,0
761,2026-05-20 15:20:00,5th,0,0,0
761,2026-05-20 15:20:00,6th,1,0,1
761,2026-05-20 15:20:00,7th,0,0,0
762,2026-05-20 23:50:00,1st,-1,4,3
762,2026-05-20 23:50:00,2nd,0,2,2
762,2026-05-20 23:50:00,3rd,0,0,0
762,2026-05-20 23:50:00,4th,0,0,0
762,2026-05-20 23:50:00,5th,0,0,0
762,2026-05-20 23:50:00,6th,0,0,0
762,2026-05-20 23:50:00,7th,-1,1,0
763,2026-05-20 14:50:00,1st,0,2,2
763,2026-05-20 14:50:00,2nd,1,0,1
763,2026-05-20 14:50:00,3rd,-1,1,0
763,2026-05-20 14:50:00,4th,0,0,0
763,2026-05-20 14:50:00,5th,0,0,0
763,2026-05-20 14:50:00,6th,1,0,1
763,2026-05-20 14:50:00,7th,0,0,0
764,2026-05-20 17:20:00,1st,-1,2,1
764,2026-05-20 17:20:00,2nd,0,0,0
764,2026-05-20 17:20:00,3rd,-1,1,0
764,2026-05-20 17:20:00,4th,0,0,0
764,2026-05-20 17:20:00,5th,0,0,0
764,2026-05-20 17:20:00,6th,0,0,0
764,2026-05-20 17:20:00,7th,1,1,2
765,2026-05-20 10:50:00,1st,-1,1,0
765,2026-05-20 10:50:00,2nd,0,0,0
765,2026-05-20 10:50:00,3rd,0,0,0
765,2026-05-20 10:50:00,4th,0,0,0
765,2026-05-20 10:50:00,5th,0,0,0
765,2026-05-20 10:50:00,6th,0,1,1
765,2026-05-20 10:50:00,7th,-1,1,0
766,2026-05-20 23:05:00,1st,-1,3,2
766,2026-05-20 23:05:00,2nd,3,0,3
766,2026-05-20 23:05:00,3rd,-1,1,0
766,2026-05-20 23:05:00,4th,0,0,0
766,2026-05-20 23:05:00,5th,0,0,0
766,2026-05-20 23:05:00,6th,2,0,2
766,2026-05-20 23:05:00,7th,0,2,2
767,2026-05-20 22:35:00,1st,-2,3,1
767,2026-05-20 22:35:00,2nd,1,0,1
767,2026-05-20 22:35:00,3rd,0,0,0
767,2026-05-20 22:35:00,4th,0,0,0
767,2026-05-20 22:35:00,5th,0,0,0
767,2026-05-20 22:35:00,6th,0,2,2
767,2026-05-20 22:35:00,7th,1,0,1
768,2026-05-21 09:20:00,1st,2,0,2
768,2026-05-21 09:20:00,2nd,0,1,1
768,2026-05-21 09:20:00,3rd,0,0,0
768,2026-05-21 09:20:00,4th,0,0,0
768,2026-05-21 09:20:00,5th,0,0,0
768,2026-05-21 09:20:00,6th,0,0,0
768,2026-05-21 09:20:00,7th,0,0,0
769,2026-05-21 00:20:00,1st,2,1,3
769,2026-05-21 00:20:00,2nd,0,0,0
769,2026-05-21 00:20:00,3rd,0,0,0
769,2026-05-21 00:20:00,4th,0,0,0
769,2026-05-21 00:20:00,5th,0,0,0
769,2026-05-21 00:20:00,6th,0,0,0
769,2026-05-21 00:20:00,7th,0,0,0
770,2026-05-20 09:05:00,1st,1,0,1
770,2026-05-20 09:05:00,2nd,0,0,0
770,2026-05-20 09:05:00,3rd,0,0,0
770,2026-05-20 09:05:00,4th,0,0,0
770,2026-05-20 09:05:00,5th,0,0,0
770,2026-05-20 09:05:00,6th,1,0,1
770,2026-05-20 09:05:00,7th,0,1,1
771,2026-05-20 13:35:00,1st,0,2,2
771,2026-05-20 13:35:00,2nd,0,0,0
771,2026-05-20 13:35:00,3rd,2,0,2
771,2026-05-20 13:35:00,4th,1,0,1
771,2026-05-20 13:35:00,5th,-1,1,0
771,2026-05-20 13:35:00,6th,0,0,0
771,2026-05-20 13:35:00,7th,0,0,0
772,2026-05-20 08:20:00,1st,0,1,1
772,2026-05-20 08:20:00,2nd,0,0,0
772,2026-05-20 08:20:00,3rd,-1,1,0
772,2026-05-20 08:20:00,4th,0,0,0
772,2026-05-20 08:20:00,5th,0,0,0
772,2026-05-20 08:20:00,6th,0,0,0
772,2026-05-20 08:20:00,7th,0,0,0
773,2026-05-20 14:05:00,1st,0,3,3
773,2026-05-20 14:05:00,2nd,2,1,3
773,2026-05-20 14:05:00,3rd,-1,2,1
773,2026-05-20 14:05:00,4th,0,0,0
773,2026-05-20 14:05:00,5th,0,0,0
773,2026-05-20 14:05:00,6th,-1,1,0
773,2026-05-20 14:05:00,7th,1,0,1
774,2026-05-20 15:35:00,1st,4,0,4
774,2026-05-20 15:35:00,2nd,-1,1,0
774,2026-05-20 15:35:00,3rd,0,0,0
774,2026-05-20 15:35:00,4th,0,0,0
774,2026-05-20 15:35:00,5th,0,0,0
774,2026-05-20 15:35:00,6th,0,0,0
774,2026-05-20 15:35:00,7th,0,0,0
775,2026-05-21 09:05:00,1st,-1,2,1
775,2026-05-21 09:05:00,2nd,0,0,0
775,2026-05-21 09:05:00,3rd,2,0,2
775,2026-05-21 09:05:00,4th,0,0,0
775,2026-05-21 09:05:00,5th,0,0,0
775,2026-05-21 09:05:00,6th,2,0,2
775,2026-05-21 09:05:00,7th,0,0,0
776,2026-05-20 09:20:00,1st,-1,1,0
776,2026-05-20 09:20:00,2nd,0,0,0
776,2026-05-20 09:20:00,3rd,0,0,0
776,2026-05-20 09:20:00,4th,0,0,0
776,2026-05-20 09:20:00,5th,-1,2,1
776,2026-05-20 09:20:00,6th,-1,1,0
776,2026-05-20 09:20:00,7th,0,0,0
777,2026-05-20 20:20:00,1st,0,2,2
777,2026-05-20 20:20:00,2nd,0,0,0
777,2026-05-20 20:20:00,3rd,0,1,1
777,2026-05-20 20:20:00,4th,0,0,0
777,2026-05-20 20:20:00,5th,2,0,2
777,2026-05-20 20:20:00,6th,2,2,4
777,2026-05-20 20:20:00,7th,0,0,0
778,2026-05-21 08:35:00,1st,0,1,1
778,2026-05-21 08:35:00,2nd,0,1,1
778,2026-05-21 08:35:00,3rd,0,0,0
778,2026-05-21 08:35:00,4th,0,0,0
778,2026-05-21 08:35:00,5th,0,0,0
778,2026-05-21 08:35:00,6th,0,0,0
778,2026-05-21 08:35:00,7th,0,0,0
779,2026-05-20 14:50:00,1st,0,2,2
779,2026-05-20 14:50:00,2nd,1,0,1
779,2026-05-20 14:50:00,3rd,-1,1,0
779,2026-05-20 14:50:00,4th,0,0,0
779,2026-05-20 14:50:00,5th,0,0,0
779,2026-05-20 14:50:00,6th,1,0,1
779,2026-05-20 14:50:00,7th,0,0,0
780,2026-05-21 04:50:00,1st,0,0,0
780,2026-05-21 04:50:00,2nd,-1,1,0
780,2026-05-21 04:50:00,3rd,0,0,0
780,2026-05-21 04:50:00,4th,0,0,0
780,2026-05-21 04:50:00,5th,0,0,0
780,2026-05-21 04:50:00,6th,-1,1,0
780,2026-05-21 04:50:00,7th,0,0,0
781,2026-05-20 15:20:00,1st,-3,11,8
781,2026-05-20 15:20:00,2nd,-2,2,0
781,2026-05-20 15:20:00,3rd,0,0,0
781,2026-05-20 15:20:00,4th,0,0,0
781,2026-05-20 15:20:00,5th,0,0,0
781,2026-05-20 15:20:00,6th,1,0,1
781,2026-05-20 15:20:00,7th,0,0,0
782,2026-05-20 10:35:00,1st,-1,1,0
782,2026-05-20 10:35:00,2nd,0,0,0
782,2026-05-20 10:35:00,3rd,1,0,1
782,2026-05-20 10:35:00,4th,0,0,0
782,2026-05-20 10:35:00,5th,0,0,0
782,2026-05-20 10:35:00,6th,0,0,0
782,2026-05-20 10:35:00,7th,0,1,1
783,2026-05-20 22:05:00,1st,-3,3,0
783,2026-05-20 22:05:00,2nd,2,0,2
783,2026-05-20 22:05:00,3rd,0,1,1
783,2026-05-20 22:05:00,4th,0,0,0
783,2026-05-20 22:05:00,5th,0,0,0
783,2026-05-20 22:05:00,6th,0,0,0
783,2026-05-20 22:05:00,7th,1,3,4
784,2026-05-20 16:20:00,1st,0,2,2
784,2026-05-20 16:20:00,2nd,0,0,0
784,2026-05-20 16:20:00,3rd,-1,1,0
784,2026-05-20 16:20:00,4th,0,0,0
784,2026-05-20 16:20:00,5th,0,0,0
784,2026-05-20 16:20:00,6th,0,1,1
784,2026-05-20 16:20:00,7th,0,0,0
785,2026-05-20 06:30:00,1st,0,0,0
785,2026-05-20 06:30:00,2nd,0,0,0
785,2026-05-20 06:30:00,3rd,0,0,0
785,2026-05-20 06:30:00,4th,0,0,0
785,2026-05-20 06:30:00,5th,0,0,0
785,2026-05-20 06:30:00,6th,0,0,0
785,2026-05-20 06:30:00,7th,1,0,1
786,2026-05-20 17:35:00,1st,0,2,2
786,2026-05-20 17:35:00,2nd,0,0,0
786,2026-05-20 17:35:00,3rd,0,1,1
786,2026-05-20 17:35:00,4th,0,0,0
786,2026-05-20 17:35:00,5th,0,0,0
786,2026-05-20 17:35:00,6th,-1,1,0
786,2026-05-20 17:35:00,7th,1,0,1
787,2026-05-20 17:05:00,1st,1,0,1
787,2026-05-20 17:05:00,2nd,-1,1,0
787,2026-05-20 17:05:00,3rd,-1,1,0
787,2026-05-20 17:05:00,4th,0,0,0
787,2026-05-20 17:05:00,5th,0,0,0
787,2026-05-20 17:05:00,6th,1,0,1
787,2026-05-20 17:05:00,7th,0,0,0
788,2026-05-21 09:35:00,1st,-1,1,0
788,2026-05-21 09:35:00,2nd,1,0,1
788,2026-05-21 09:35:00,3rd,0,0,0
788,2026-05-21 09:35:00,4th,0,0,0
788,2026-05-21 09:35:00,5th,0,0,0
788,2026-05-21 09:35:00,6th,0,0,0
788,2026-05-21 09:35:00,7th,0,0,0
789,2026-05-21 06:35:00,1st,0,0,0
789,2026-05-21 06:35:00,2nd,-1,1,0
789,2026-05-21 06:35:00,3rd,1,0,1
789,2026-05-21 06:35:00,4th,0,0,0
789,2026-05-21 06:35:00,5th,1,0,1
789,2026-05-21 06:35:00,6th,-1,1,0
789,2026-05-21 06:35:00,7th,0,0,0
790,2026-05-20 15:20:00,1st,-3,11,8
790,2026-05-20 15:20:00,2nd,-2,2,0
790,2026-05-20 15:20:00,3rd,0,0,0
790,2026-05-20 15:20:00,4th,0,0,0
790,2026-05-20 15:20:00,5th,0,0,0
790,2026-05-20 15:20:00,6th,1,0,1
790,2026-05-20 15:20:00,7th,0,0,0
791,2026-05-21 02:35:00,1st,0,0,0
791,2026-05-21 02:35:00,2nd,0,0,0
791,2026-05-21 02:35:00,3rd,0,0,0
791,2026-05-21 02:35:00,4th,0,0,0
791,2026-05-21 02:35:00,5th,0,1,1
791,2026-05-21 02:35:00,6th,0,2,2
791,2026-05-21 02:35:00,7th,0,0,0
792,2026-05-20 19:20:00,1st,0,1,1
792,2026-05-20 19:20:00,2nd,0,0,0
792,2026-05-20 19:20:00,3rd,-1,1,0
792,2026-05-20 19:20:00,4th,0,0,0
792,2026-05-20 19:20:00,5th,0,0,0
792,2026-05-20 19:20:00,6th,0,0,0
792,2026-05-20 19:20:00,7th,1,1,2
793,2026-05-21 08:05:00,1st,1,1,2
793,2026-05-21 08:05:00,2nd,0,0,0
793,2026-05-21 08:05:00,3rd,0,0,0
793,2026-05-21 08:05:00,4th,0,0,0
793,2026-05-21 08:05:00,5th,0,0,0
793,2026-05-21 08:05:00,6th,0,1,1
793,2026-05-21 08:05:00,7th,0,1,1
794,2026-05-20 20:35:00,1st,0,0,0
794,2026-05-20 20:35:00,2nd,-1,1,0
794,2026-05-20 20:35:00,3rd,0,1,1
794,2026-05-20 20:35:00,4th,0,0,0
794,2026-05-20 20:35:00,5th,0,0,0
794,2026-05-20 20:35:00,6th,1,3,4
794,2026-05-20 20:35:00,7th,0,0,0
795,2026-05-20 08:50:00,1st,0,0,0
795,2026-05-20 08:50:00,2nd,-1,1,0
795,2026-05-20 08:50:00,3rd,0,0,0
795,2026-05-20 08:50:00,4th,0,0,0
795,2026-05-20 08:50:00,5th,0,0,0
795,2026-05-20 08:50:00,6th,0,0,0
795,2026-05-20 08:50:00,7th,-1,1,0
796,2026-05-21 04:05:00,1st,0,0,0
796,2026-05-21 04:05:00,2nd,0,0,0
796,2026-05-21 04:05:00,3rd,0,0,0
796,2026-05-21 04:05:00,4th,1,0,1
796,2026-05-21 04:05:00,5th,0,0,0
796,2026-05-21 04:05:00,6th,0,0,0
796,2026-05-21 04:05:00,7th,0,0,0
797,2026-05-21 00:20:00,1st,2,1,3
797,2026-05-21 00:20:00,2nd,0,0,0
797,2026-05-21 00:20:00,3rd,0,0,0
797,2026-05-21 00:20:00,4th,0,0,0
797,2026-05-21 00:20:00,5th,0,0,0
797,2026-05-21 00:20:00,6th,0,0,0
797,2026-05-21 00:20:00,7th,0,0,0
798,2026-05-21 06:50:00,1st,1,0,1
798,2026-05-21 06:50:00,2nd,0,0,0
798,2026-05-21 06:50:00,3rd,0,2,2
798,2026-05-21 06:50:00,4th,0,0,0
798,2026-05-21 06:50:00,5th,0,0,0
798,2026-05-21 06:50:00,6th,0,0,0
798,2026-05-21 06:50:00,7th,0,0,0
799,2026-05-21 01:35:00,1st,1,0,1
799,2026-05-21 01:35:00,2nd,0,0,0
799,2026-05-21 01:35:00,3rd,0,0,0
799,2026-05-21 01:35:00,4th,0,0,0
799,2026-05-21 01:35:00,5th,0,0,0
799,2026-05-21 01:35:00,6th,0,0,0
799,2026-05-21 01:35:00,7th,0,1,1
800,2026-05-21 00:20:00,1st,2,1,3
800,2026-05-21 00:20:00,2nd,0,0,0
800,2026-05-21 00:20:00,3rd,0,0,0
800,2026-05-21 00:20:00,4th,0,0,0
800,2026-05-21 00:20:00,5th,0,0,0
800,2026-05-21 00:20:00,6th,0,0,0
800,2026-05-21 00:20:00,7th,0,0,0
801,2026-05-20 16:05:00,1st,0,3,3
801,2026-05-20 16:05:00,2nd,0,0,0
801,2026-05-20 16:05:00,3rd,0,0,0
801,2026-05-20 16:05:00,4th,0,0,0
801,2026-05-20 16:05:00,5th,1,0,1
801,2026-05-20 16:05:00,6th,0,0,0
801,2026-05-20 16:05:00,7th,2,0,2
802,2026-05-20 16:05:00,1st,0,3,3
802,2026-05-20 16:05:00,2nd,0,0,0
802,2026-05-20 16:05:00,3rd,0,0,0
802,2026-05-20 16:05:00,4th,0,0,0
802,2026-05-20 16:05:00,5th,1,0,1
802,2026-05-20 16:05:00,6th,0,0,0
802,2026-05-20 16:05:00,7th,2,0,2
803,2026-05-20 16:35:00,1st,-2,3,1
803,2026-05-20 16:35:00,2nd,0,0,0
803,2026-05-20 16:35:00,3rd,0,0,0
803,2026-05-20 16:35:00,4th,0,0,0
803,2026-05-20 16:35:00,5th,0,0,0
803,2026-05-20 16:35:00,6th,1,1,2
803,2026-05-20 16:35:00,7th,1,0,1
804,2026-05-20 12:35:00,1st,2,2,4
804,2026-05-20 12:35:00,2nd,-1,1,0
804,2026-05-20 12:35:00,3rd,0,0,0
804,2026-05-20 12:35:00,4th,0,0,0
804,2026-05-20 12:35:00,5th,1,0,1
804,2026-05-20 12:35:00,6th,0,1,1
804,2026-05-20 12:35:00,7th,-1,1,0
805,2026-05-21 01:20:00,1st,-1,1,0
805,2026-05-21 01:20:00,2nd,0,2,2
805,2026-05-21 01:20:00,3rd,0,0,0
805,2026-05-21 01:20:00,4th,0,0,0
805,2026-05-21 01:20:00,5th,0,0,0
805,2026-05-21 01:20:00,6th,0,0,0
805,2026-05-21 01:20:00,7th,0,0,0
806,2026-05-20 17:05:00,1st,1,0,1
806,2026-05-20 17:05:00,2nd,-1,1,0
806,2026-05-20 17:05:00,3rd,-1,1,0
806,2026-05-20 17:05:00,4th,0,0,0
806,2026-05-20 17:05:00,5th,0,0,0
806,2026-05-20 17:05:00,6th,1,0,1
806,2026-05-20 17:05:00,7th,0,0,0
807,2026-05-21 09:35:00,1st,-1,1,0
807,2026-05-21 09:35:00,2nd,1,0,1
807,2026-05-21 09:35:00,3rd,0,0,0
807,2026-05-21 09:35:00,4th,0,0,0
807,2026-05-21 09:35:00,5th,0,0,0
807,2026-05-21 09:35:00,6th,0,0,0
807,2026-05-21 09:35:00,7th,0,0,0
808,2026-05-20 21:50:00,1st,-1,2,1
808,2026-05-20 21:50:00,2nd,0,0,0
808,2026-05-20 21:50:00,3rd,0,0,0
808,2026-05-20 21:50:00,4th,0,0,0
808,2026-05-20 21:50:00,5th,0,0,0
808,2026-05-20 21:50:00,6th,0,0,0
808,2026-05-20 21:50:00,7th,-1,2,1
809,2026-05-20 14:35:00,1st,-2,2,0
809,2026-05-20 14:35:00,2nd,0,1,1
809,2026-05-20 14:35:00,3rd,1,0,1
809,2026-05-20 14:35:00,4th,0,0,0
809,2026-05-20 14:35:00,5th,1,0,1
809,2026-05-20 14:35:00,6th,-1,2,1
809,2026-05-20 14:35:00,7th,1,0,1
810,2026-05-21 03:50:00,1st,0,0,0
810,2026-05-21 03:50:00,2nd,0,0,0
810,2026-05-21 03:50:00,3rd,0,0,0
810,2026-05-21 03:50:00,4th,-1,1,0
810,2026-05-21 03:50:00,5th,0,0,0
810,2026-05-21 03:50:00,6th,0,0,0
810,2026-05-21 03:50:00,7th,0,0,0
811,2026-05-20 18:35:00,1st,-4,6,2
811,2026-05-20 18:35:00,2nd,0,0,0
811,2026-05-20 18:35:00,3rd,0,0,0
811,2026-05-20 18:35:00,4th,0,0,0
811,2026-05-20 18:35:00,5th,0,0,0
811,2026-05-20 18:35:00,6th,0,0,0
811,2026-05-20 18:35:00,7th,0,0,0
812,2026-05-21 09:35:00,1st,-1,1,0
812,2026-05-21 09:35:00,2nd,1,0,1
812,2026-05-21 09:35:00,3rd,0,0,0
812,2026-05-21 09:35:00,4th,0,0,0
812,2026-05-21 09:35:00,5th,0,0,0
812,2026-05-21 09:35:00,6th,0,0,0
812,2026-05-21 09:35:00,7th,0,0,0
813,2026-05-21 05:05:00,1st,1,1,2
813,2026-05-21 05:05:00,2nd,0,0,0
813,2026-05-21 05:05:00,3rd,-1,2,1
813,2026-05-21 05:05:00,4th,0,0,0
813,2026-05-21 05:05:00,5th,0,0,0
813,2026-05-21 05:05:00,6th,1,0,1
813,2026-05-21 05:05:00,7th,1,0,1
814,2026-05-21 07:05:00,1st,0,0,0
814,2026-05-21 07:05:00,2nd,0,0,0
814,2026-05-21 07:05:00,3rd,0,1,1
814,2026-05-21 07:05:00,4th,0,0,0
814,2026-05-21 07:05:00,5th,0,0,0
814,2026-05-21 07:05:00,6th,0,0,0
814,2026-05-21 07:05:00,7th,0,0,0
815,2026-05-21 09:50:00,1st,0,1,1
815,2026-05-21 09:50:00,2nd,1,1,2
815,2026-05-21 09:50:00,3rd,0,0,0
815,2026-05-21 09:50:00,4th,0,0,0
815,2026-05-21 09:50:00,5th,0,0,0
815,2026-05-21 09:50:00,6th,0,0,0
815,2026-05-21 09:50:00,7th,0,0,0
816,2026-05-21 04:50:00,1st,0,0,0
816,2026-05-21 04:50:00,2nd,-1,1,0
816,2026-05-21 04:50:00,3rd,0,0,0
816,2026-05-21 04:50:00,4th,0,0,0
816,2026-05-21 04:50:00,5th,0,0,0
816,2026-05-21 04:50:00,6th,-1,1,0
816,2026-05-21 04:50:00,7th,0,0,0
817,2026-05-21 09:05:00,1st,-1,2,1
817,2026-05-21 09:05:00,2nd,0,0,0
817,2026-05-21 09:05:00,3rd,2,0,2
817,2026-05-21 09:05:00,4th,0,0,0
817,2026-05-21 09:05:00,5th,0,0,0
817,2026-05-21 09:05:00,6th,2,0,2
817,2026-05-21 09:05:00,7th,0,0,0
818,2026-05-21 07:50:00,1st,0,0,0
818,2026-05-21 07:50:00,2nd,-1,1,0
818,2026-05-21 07:50:00,3rd,0,0,0
818,2026-05-21 07:50:00,4th,0,0,0
818,2026-05-21 07:50:00,5th,1,1,2
818,2026-05-21 07:50:00,6th,0,0,0
818,2026-05-21 07:50:00,7th,-1,1,0
819,2026-05-20 10:35:00,1st,-1,1,0
819,2026-05-20 10:35:00,2nd,0,0,0
819,2026-05-20 10:35:00,3rd,1,0,1
819,2026-05-20 10:35:00,4th,0,0,0
819,2026-05-20 10:35:00,5th,0,0,0
819,2026-05-20 10:35:00,6th,0,0,0
819,2026-05-20 10:35:00,7th,0,1,1
820,2026-05-21 01:05:00,1st,1,0,1
820,2026-05-21 01:05:00,2nd,0,0,0
820,2026-05-21 01:05:00,3rd,0,1,1
820,2026-05-21 01:05:00,4th,0,0,0
820,2026-05-21 01:05:00,5th,0,0,0
820,2026-05-21 01:05:00,6th,0,0,0
820,2026-05-21 01:05:00,7th,0,0,0
821,2026-05-20 21:20:00,1st,1,1,2
821,2026-05-20 21:20:00,2nd,0,0,0
821,2026-05-20 21:20:00,3rd,-1,2,1
821,2026-05-20 21:20:00,4th,0,0,0
821,2026-05-20 21:20:00,5th,-1,1,0
821,2026-05-20 21:20:00,6th,1,2,3
821,2026-05-20 21:20:00,7th,2,0,2
822,2026-05-21 09:20:00,1st,2,0,2
822,2026-05-21 09:20:00,2nd,0,1,1
822,2026-05-21 09:20:00,3rd,0,0,0
822,2026-05-21 09:20:00,4th,0,0,0
822,2026-05-21 09:20:00,5th,0,0,0
822,2026-05-21 09:20:00,6th,0,0,0
822,2026-05-21 09:20:00,7th,0,0,0
823,2026-05-21 02:50:00,1st,0,0,0
823,2026-05-21 02:50:00,2nd,0,0,0
823,2026-05-21 02:50:00,3rd,0,0,0
823,2026-05-21 02:50:00,4th,0,0,0
823,2026-05-21 02:50:00,5th,0,0,0
823,2026-05-21 02:50:00,6th,0,2,2
823,2026-05-21 02:50:00,7th,0,0,0
824,2026-05-20 20:05:00,1st,2,2,4
824,2026-05-20 20:05:00,2nd,0,1,1
824,2026-05-20 20:05:00,3rd,1,1,2
824,2026-05-20 20:05:00,4th,0,0,0
824,2026-05-20 20:05:00,5th,1,2,3
824,2026-05-20 20:05:00,6th,0,0,0
824,2026-05-20 20:05:00,7th,-1,1,0
825,2026-05-20 23:35:00,1st,3,3,6
825,2026-05-20 23:35:00,2nd,0,0,0
825,2026-05-20 23:35:00,3rd,1,0,1
825,2026-05-20 23:35:00,4th,0,0,0
825,2026-05-20 23:35:00,5th,0,0,0
825,2026-05-20 23:35:00,6th,1,0,1
825,2026-05-20 23:35:00,7th,-1,1,0
826,2026-05-20 08:50:00,1st,0,0,0
826,2026-05-20 08:50:00,2nd,-1,1,0
826,2026-05-20 08:50:00,3rd,0,0,0
826,2026-05-20 08:50:00,4th,0,0,0
826,2026-05-20 08:50:00,5th,0,0,0
826,2026-05-20 08:50:00,6th,0,0,0
826,2026-05-20 08:50:00,7th,-1,1,0
827,2026-05-20 15:50:00,1st,-3,5,2
827,2026-05-20 15:50:00,2nd,-1,1,0
827,2026-05-20 15:50:00,3rd,0,0,0
827,2026-05-20 15:50:00,4th,0,0,0
827,2026-05-20 15:50:00,5th,0,0,0
827,2026-05-20 15:50:00,6th,1,1,2
827,2026-05-20 15:50:00,7th,-1,2,1
828,2026-05-21 02:05:00,1st,0,0,0
828,2026-05-21 02:05:00,2nd,0,1,1
828,2026-05-21 02:05:00,3rd,0,0,0
828,2026-05-21 02:05:00,4th,0,0,0
828,2026-05-21 02:05:00,5th,0,0,0
828,2026-05-21 02:05:00,6th,0,0,0
828,2026-05-21 02:05:00,7th,0,0,0
829,2026-05-20 18:05:00,1st,1,1,2
829,2026-05-20 18:05:00,2nd,0,0,0
829,2026-05-20 18:05:00,3rd,0,0,0
829,2026-05-20 18:05:00,4th,0,0,0
829,2026-05-20 18:05:00,5th,0,0,0
829,2026-05-20 18:05:00,6th,-1,1,0
829,2026-05-20 18:05:00,7th,-1,1,0
830,2026-05-21 09:20:00,1st,2,0,2
830,2026-05-21 09:20:00,2nd,0,1,1
830,2026-05-21 09:20:00,3rd,0,0,0
830,2026-05-21 09:20:00,4th,0,0,0
830,2026-05-21 09:20:00,5th,0,0,0
830,2026-05-21 09:20:00,6th,0,0,0
830,2026-05-21 09:20:00,7th,0,0,0
831,2026-05-21 00:05:00,1st,-1,3,2
831,2026-05-21 00:05:00,2nd,0,0,0
831,2026-05-21 00:05:00,3rd,-1,1,0
831,2026-05-21 00:05:00,4th,0,0,0
831,2026-05-21 00:05:00,5th,0,0,0
831,2026-05-21 00:05:00,6th,2,0,2
831,2026-05-21 00:05:00,7th,0,0,0
832,2026-05-20 07:20:00,1st,1,0,1
832,2026-05-20 07:20:00,2nd,1,0,1
832,2026-05-20 07:20:00,3rd,0,0,0
832,2026-05-20 07:20:00,4th,0,0,0
832,2026-05-20 07:20:00,5th,-1,1,0
832,2026-05-20 07:20:00,6th,1,0,1
832,2026-05-20 07:20:00,7th,1,0,1
833,2026-05-20 10:35:00,1st,-1,1,0
833,2026-05-20 10:35:00,2nd,0,0,0
833,2026-05-20 10:35:00,3rd,1,0,1
833,2026-05-20 10:35:00,4th,0,0,0
833,2026-05-20 10:35:00,5th,0,0,0
833,2026-05-20 10:35:00,6th,0,0,0
833,2026-05-20 10:35:00,7th,0,1,1
834,2026-05-20 23:05:00,1st,-1,3,2
834,2026-05-20 23:05:00,2nd,3,0,3
834,2026-05-20 23:05:00,3rd,-1,1,0
834,2026-05-20 23:05:00,4th,0,0,0
834,2026-05-20 23:05:00,5th,0,0,0
834,2026-05-20 23:05:00,6th,2,0,2
834,2026-05-20 23:05:00,7th,0,2,2
835,2026-05-21 05:05:00,1st,1,1,2
835,2026-05-21 05:05:00,2nd,0,0,0
835,2026-05-21 05:05:00,3rd,-1,2,1
835,2026-05-21 05:05:00,4th,0,0,0
835,2026-05-21 05:05:00,5th,0,0,0
835,2026-05-21 05:05:00,6th,1,0,1
835,2026-05-21 05:05:00,7th,1,0,1
836,2026-05-20 14:35:00,1st,-2,2,0
836,2026-05-20 14:35:00,2nd,0,1,1
836,2026-05-20 14:35:00,3rd,1,0,1
836,2026-05-20 14:35:00,4th,0,0,0
836,2026-05-20 14:35:00,5th,1,0,1
836,2026-05-20 14:35:00,6th,-1,2,1
836,2026-05-20 14:35:00,7th,1,0,1
837,2026-05-20 17:05:00,1st,1,0,1
837,2026-05-20 17:05:00,2nd,-1,1,0
837,2026-05-20 17:05:00,3rd,-1,1,0
837,2026-05-20 17:05:00,4th,0,0,0
837,2026-05-20 17:05:00,5th,0,0,0
837,2026-05-20 17:05:00,6th,1,0,1
837,2026-05-20 17:05:00,7th,0,0,0
838,2026-05-20 17:20:00,1st,-1,2,1
838,2026-05-20 17:20:00,2nd,0,0,0
838,2026-05-20 17:20:00,3rd,-1,1,0
838,2026-05-20 17:20:00,4th,0,0,0
838,2026-05-20 17:20:00,5th,0,0,0
838,2026-05-20 17:20:00,6th,0,0,0
838,2026-05-20 17:20:00,7th,1,1,2
839,2026-05-20 13:05:00,1st,1,0,1
839,2026-05-20 13:05:00,2nd,1,0,1
839,2026-05-20 13:05:00,3rd,1,0,1
839,2026-05-20 13:05:00,4th,0,0,0
839,2026-05-20 13:05:00,5th,0,0,0
839,2026-05-20 13:05:00,6th,0,0,0
839,2026-05-20 13:05:00,7th,-1,2,1
840,2026-05-21 08:35:00,1st,0,1,1
840,2026-05-21 08:35:00,2nd,0,1,1
840,2026-05-21 08:35:00,3rd,0,0,0
840,2026-05-21 08:35:00,4th,0,0,0
840,2026-05-21 08:35:00,5th,0,0,0
840,2026-05-21 08:35:00,6th,0,0,0
840,2026-05-21 08:35:00,7th,0,0,0
841,2026-05-20 19:50:00,1st,0,1,1
841,2026-05-20 19:50:00,2nd,0,0,0
841,2026-05-20 19:50:00,3rd,0,0,0
841,2026-05-20 19:50:00,4th,0,0,0
841,2026-05-20 19:50:00,5th,-1,2,1
841,2026-05-20 19:50:00,6th,-1,1,0
841,2026-05-20 19:50:00,7th,0,0,0
842,2026-05-20 15:20:00,1st,-3,11,8
842,2026-05-20 15:20:00,2nd,-2,2,0
842,2026-05-20 15:20:00,3rd,0,0,0
842,2026-05-20 15:20:00,4th,0,0,0
842,2026-05-20 15:20:00,5th,0,0,0
842,2026-05-20 15:20:00,6th,1,0,1
842,2026-05-20 15:20:00,7th,0,0,0
843,2026-05-21 09:05:00,1st,-1,2,1
843,2026-05-21 09:05:00,2nd,0,0,0
843,2026-05-21 09:05:00,3rd,2,0,2
843,2026-05-21 09:05:00,4th,0,0,0
843,2026-05-21 09:05:00,5th,0,0,0
843,2026-05-21 09:05:00,6th,2,0,2
843,2026-05-21 09:05:00,7th,0,0,0
844,2026-05-20 23:05:00,1st,-1,3,2
844,2026-05-20 23:05:00,2nd,3,0,3
844,2026-05-20 23:05:00,3rd,-1,1,0
844,2026-05-20 23:05:00,4th,0,0,0
844,2026-05-20 23:05:00,5th,0,0,0
844,2026-05-20 23:05:00,6th,2,0,2
844,2026-05-20 23:05:00,7th,0,2,2
845,2026-05-20 06:30:00,1st,0,0,0
845,2026-05-20 06:30:00,2nd,0,0,0
845,2026-05-20 06:30:00,3rd,0,0,0
845,2026-05-20 06:30:00,4th,0,0,0
845,2026-05-20 06:30:00,5th,0,0,0
845,2026-05-20 06:30:00,6th,0,0,0
845,2026-05-20 06:30:00,7th,1,0,1
846,2026-05-20 17:50:00,1st,1,0,1
846,2026-05-20 17:50:00,2nd,2,0,2
846,2026-05-20 17:50:00,3rd,0,0,0
846,2026-05-20 17:50:00,4th,0,0,0
846,2026-05-20 17:50:00,5th,0,0,0
846,2026-05-20 17:50:00,6th,1,0,1
846,2026-05-20 17:50:00,7th,0,0,0
847,2026-05-21 00:35:00,1st,-1,3,2
847,2026-05-21 00:35:00,2nd,0,0,0
847,2026-05-21 00:35:00,3rd,0,2,2
847,2026-05-21 00:35:00,4th,0,0,0
847,2026-05-21 00:35:00,5th,0,0,0
847,2026-05-21 00:35:00,6th,0,0,0
847,2026-05-21 00:35:00,7th,0,0,0
848,2026-05-21 08:50:00,1st,0,0,0
848,2026-05-21 08:50:00,2nd,-1,1,0
848,2026-05-21 08:50:00,3rd,-1,2,1
848,2026-05-21 08:50:00,4th,0,0,0
848,2026-05-21 08:50:00,5th,0,0,0
848,2026-05-21 08:50:00,6th,-1,1,0
848,2026-05-21 08:50:00,7th,0,0,0
849,2026-05-20 20:20:00,1st,0,2,2
849,2026-05-20 20:20:00,2nd,0,0,0
849,2026-05-20 20:20:00,3rd,0,1,1
849,2026-05-20 20:20:00,4th,0,0,0
849,2026-05-20 20:20:00,5th,2,0,2
849,2026-05-20 20:20:00,6th,2,2,4
849,2026-05-20 20:20:00,7th,0,0,0
850,2026-05-20 16:20:00,1st,0,2,2
850,2026-05-20 16:20:00,2nd,0,0,0
850,2026-05-20 16:20:00,3rd,-1,1,0
850,2026-05-20 16:20:00,4th,0,0,0
850,2026-05-20 16:20:00,5th,0,0,0
850,2026-05-20 16:20:00,6th,0,1,1
850,2026-05-20 16:20:00,7th,0,0,0
851,2026-05-20 15:05:00,1st,0,3,3
851,2026-05-20 15:05:00,2nd,0,0,0
851,2026-05-20 15:05:00,3rd,0,0,0
851,2026-05-20 15:05:00,4th,0,0,0
851,2026-05-20 15:05:00,5th,0,0,0
851,2026-05-20 15:05:00,6th,-1,2,1
851,2026-05-20 15:05:00,7th,0,0,0
852,2026-05-20 09:05:00,1st,1,0,1
852,2026-05-20 09:05:00,2nd,0,0,0
852,2026-05-20 09:05:00,3rd,0,0,0
852,2026-05-20 09:05:00,4th,0,0,0
852,2026-05-20 09:05:00,5th,0,0,0
852,2026-05-20 09:05:00,6th,1,0,1
852,2026-05-20 09:05:00,7th,0,1,1
853,2026-05-20 08:50:00,1st,0,0,0
853,2026-05-20 08:50:00,2nd,-1,1,0
853,2026-05-20 08:50:00,3rd,0,0,0
853,2026-05-20 08:50:00,4th,0,0,0
853,2026-05-20 08:50:00,5th,0,0,0
853,2026-05-20 08:50:00,6th,0,0,0
853,2026-05-20 08:50:00,7th,-1,1,0
854,2026-05-20 17:35:00,1st,0,2,2
854,2026-05-20 17:35:00,2nd,0,0,0
854,2026-05-20 17:35:00,3rd,0,1,1
854,2026-05-20 17:35:00,4th,0,0,0
854,2026-05-20 17:35:00,5th,0,0,0
854,2026-05-20 17:35:00,6th,-1,1,0
854,2026-05-20 17:35:00,7th,1,0,1
855,2026-05-21 04:05:00,1st,0,0,0
855,2026-05-21 04:05:00,2nd,0,0,0
855,2026-05-21 04:05:00,3rd,0,0,0
855,2026-05-21 04:05:00,4th,1,0,1
855,2026-05-21 04:05:00,5th,0,0,0
855,2026-05-21 04:05:00,6th,0,0,0
855,2026-05-21 04:05:00,7th,0,0,0
856,2026-05-20 17:20:00,1st,-1,2,1
856,2026-05-20 17:20:00,2nd,0,0,0
856,2026-05-20 17:20:00,3rd,-1,1,0
856,2026-05-20 17:20:00,4th,0,0,0
856,2026-05-20 17:20:00,5th,0,0,0
856,2026-05-20 17:20:00,6th,0,0,0
856,2026-05-20 17:20:00,7th,1,1,2
857,2026-05-20 10:05:00,1st,2,0,2
857,2026-05-20 10:05:00,2nd,-1,1,0
857,2026-05-20 10:05:00,3rd,0,0,0
857,2026-05-20 10:05:00,4th,0,0,0
857,2026-05-20 10:05:00,5th,0,0,0
857,2026-05-20 10:05:00,6th,0,1,1
857,2026-05-20 10:05:00,7th,0,1,1
858,2026-05-21 07:20:00,1st,0,0,0
858,2026-05-21 07:20:00,2nd,0,0,0
858,2026-05-21 07:20:00,3rd,0,0,0
858,2026-05-21 07:20:00,4th,0,0,0
858,2026-05-21 07:20:00,5th,0,1,1
858,2026-05-21 07:20:00,6th,-1,1,0
858,2026-05-21 07:20:00,7th,0,0,0
859,2026-05-21 05:35:00,1st,-1,1,0
859,2026-05-21 05:35:00,2nd,-1,1,0
859,2026-05-21 05:35:00,3rd,0,0,0
859,2026-05-21 05:35:00,4th,0,0,0
859,2026-05-21 05:35:00,5th,0,0,0
859,2026-05-21 05:35:00,6th,0,1,1
859,2026-05-21 05:35:00,7th,0,0,0
860,2026-05-20 15:20:00,1st,-3,11,8
860,2026-05-20 15:20:00,2nd,-2,2,0
860,2026-05-20 15:20:00,3rd,0,0,0
860,2026-05-20 15:20:00,4th,0,0,0
860,2026-05-20 15:20:00,5th,0,0,0
860,2026-05-20 15:20:00,6th,1,0,1
860,2026-05-20 15:20:00,7th,0,0,0
861,2026-05-20 15:35:00,1st,4,0,4
861,2026-05-20 15:35:00,2nd,-1,1,0
861,2026-05-20 15:35:00,3rd,0,0,0
861,2026-05-20 15:35:00,4th,0,0,0
861,2026-05-20 15:35:00,5th,0,0,0
861,2026-05-20 15:35:00,6th,0,0,0
861,2026-05-20 15:35:00,7th,0,0,0
862,2026-05-20 14:20:00,1st,0,2,2
862,2026-05-20 14:20:00,2nd,-2,3,1
862,2026-05-20 14:20:00,3rd,0,0,0
862,2026-05-20 14:20:00,4th,0,0,0
862,2026-05-20 14:20:00,5th,0,0,0
862,2026-05-20 14:20:00,6th,0,1,1
862,2026-05-20 14:20:00,7th,0,0,0
863,2026-05-20 10:20:00,1st,-1,1,0
863,2026-05-20 10:20:00,2nd,0,0,0
863,2026-05-20 10:20:00,3rd,-1,1,0
863,2026-05-20 10:20:00,4th,0,0,0
863,2026-05-20 10:20:00,5th,0,0,0
863,2026-05-20 10:20:00,6th,0,1,1
863,2026-05-20 10:20:00,7th,2,0,2
864,2026-05-20 17:20:00,1st,-1,2,1
864,2026-05-20 17:20:00,2nd,0,0,0
864,2026-05-20 17:20:00,3rd,-1,1,0
864,2026-05-20 17:20:00,4th,0,0,0
864,2026-05-20 17:20:00,5th,0,0,0
864,2026-05-20 17:20:00,6th,0,0,0
864,2026-05-20 17:20:00,7th,1,1,2
865,2026-05-20 19:05:00,1st,-1,2,1
865,2026-05-20 19:05:00,2nd,-1,1,0
865,2026-05-20 19:05:00,3rd,0,0,0
865,2026-05-20 19:05:00,4th,0,0,0
865,2026-05-20 19:05:00,5th,0,0,0
865,2026-05-20 19:05:00,6th,1,0,1
865,2026-05-20 19:05:00,7th,-1,1,0
866,2026-05-21 00:50:00,1st,-1,4,3
866,2026-05-21 00:50:00,2nd,1,0,1
866,2026-05-21 00:50:00,3rd,0,3,3
866,2026-05-21 00:50:00,4th,1,0,1
866,2026-05-21 00:50:00,5th,0,0,0
866,2026-05-21 00:50:00,6th,0,0,0
866,2026-05-21 00:50:00,7th,0,0,0
867,2026-05-20 11:20:00,1st,-4,4,0
867,2026-05-20 11:20:00,2nd,1,0,1
867,2026-05-20 11:20:00,3rd,0,0,0
867,2026-05-20 11:20:00,4th,0,0,0
867,2026-05-20 11:20:00,5th,0,0,0
867,2026-05-20 11:20:00,6th,0,1,1
867,2026-05-20 11:20:00,7th,0,0,0
868,2026-05-20 17:50:00,1st,1,0,1
868,2026-05-20 17:50:00,2nd,2,0,2
868,2026-05-20 17:50:00,3rd,0,0,0
868,2026-05-20 17:50:00,4th,0,0,0
868,2026-05-20 17:50:00,5th,0,0,0
868,2026-05-20 17:50:00,6th,1,0,1
868,2026-05-20 17:50:00,7th,0,0,0
869,2026-05-20 06:50:00,1st,0,0,0
869,2026-05-20 06:50:00,2nd,-1,1,0
869,2026-05-20 06:50:00,3rd,0,0,0
869,2026-05-20 06:50:00,4th,0,0,0
869,2026-05-20 06:50:00,5th,0,0,0
869,2026-05-20 06:50:00,6th,-2,2,0
869,2026-05-20 06:50:00,7th,-1,1,0
870,2026-05-20 20:20:00,1st,0,2,2
870,2026-05-20 20:20:00,2nd,0,0,0
870,2026-05-20 20:20:00,3rd,0,1,1
870,2026-05-20 20:20:00,4th,0,0,0
870,2026-05-20 20:20:00,5th,2,0,2
870,2026-05-20 20:20:00,6th,2,2,4
870,2026-05-20 20:20:00,7th,0,0,0
871,2026-05-20 17:35:00,1st,0,2,2
871,2026-05-20 17:35:00,2nd,0,0,0
871,2026-05-20 17:35:00,3rd,0,1,1
871,2026-05-20 17:35:00,4th,0,0,0
871,2026-05-20 17:35:00,5th,0,0,0
871,2026-05-20 17:35:00,6th,-1,1,0
871,2026-05-20 17:35:00,7th,1,0,1
872,2026-05-21 01:20:00,1st,-1,1,0
872,2026-05-21 01:20:00,2nd,0,2,2
872,2026-05-21 01:20:00,3rd,0,0,0
872,2026-05-21 01:20:00,4th,0,0,0
872,2026-05-21 01:20:00,5th,0,0,0
872,2026-05-21 01:20:00,6th,0,0,0
872,2026-05-21 01:20:00,7th,0,0,0
873,2026-05-20 21:50:00,1st,-1,2,1
873,2026-05-20 21:50:00,2nd,0,0,0
873,2026-05-20 21:50:00,3rd,0,0,0
873,2026-05-20 21:50:00,4th,0,0,0
873,2026-05-20 21:50:00,5th,0,0,0
873,2026-05-20 21:50:00,6th,0,0,0
873,2026-05-20 21:50:00,7th,-1,2,1
874,2026-05-20 07:05:00,1st,3,3,6
874,2026-05-20 07:05:00,2nd,-1,1,0
874,2026-05-20 07:05:00,3rd,0,0,0
874,2026-05-20 07:05:00,4th,0,0,0
874,2026-05-20 07:05:00,5th,0,0,0
874,2026-05-20 07:05:00,6th,-1,2,1
874,2026-05-20 07:05:00,7th,0,0,0
875,2026-05-20 10:05:00,1st,2,0,2
875,2026-05-20 10:05:00,2nd,-1,1,0
875,2026-05-20 10:05:00,3rd,0,0,0
875,2026-05-20 10:05:00,4th,0,0,0
875,2026-05-20 10:05:00,5th,0,0,0
875,2026-05-20 10:05:00,6th,0,1,1
875,2026-05-20 10:05:00,7th,0,1,1
876,2026-05-20 10:05:00,1st,2,0,2
876,2026-05-20 10:05:00,2nd,-1,1,0
876,2026-05-20 10:05:00,3rd,0,0,0
876,2026-05-20 10:05:00,4th,0,0,0
876,2026-05-20 10:05:00,5th,0,0,0
876,2026-05-20 10:05:00,6th,0,1,1
876,2026-05-20 10:05:00,7th,0,1,1
877,2026-05-21 05:50:00,1st,-1,1,0
877,2026-05-21 05:50:00,2nd,1,0,1
877,2026-05-21 05:50:00,3rd,0,1,1
877,2026-05-21 05:50:00,4th,0,0,0
877,2026-05-21 05:50:00,5th,0,0,0
877,2026-05-21 05:50:00,6th,0,0,0
877,2026-05-21 05:50:00,7th,0,0,0
878,2026-05-21 01:50:00,1st,0,0,0
878,2026-05-21 01:50:00,2nd,0,0,0
878,2026-05-21 01:50:00,3rd,0,0,0
878,2026-05-21 01:50:00,4th,0,0,0
878,2026-05-21 01:50:00,5th,0,0,0
878,2026-05-21 01:50:00,6th,0,0,0
878,2026-05-21 01:50:00,7th,0,1,1
879,2026-05-20 10:50:00,1st,-1,1,0
879,2026-05-20 10:50:00,2nd,0,0,0
879,2026-05-20 10:50:00,3rd,0,0,0
879,2026-05-20 10:50:00,4th,0,0,0
879,2026-05-20 10:50:00,5th,0,0,0
879,2026-05-20 10:50:00,6th,0,1,1
879,2026-05-20 10:50:00,7th,-1,1,0
880,2026-05-21 08:05:00,1st,1,1,2
880,2026-05-21 08:05:00,2nd,0,0,0
880,2026-05-21 08:05:00,3rd,0,0,0
880,2026-05-21 08:05:00,4th,0,0,0
880,2026-05-21 08:05:00,5th,0,0,0
880,2026-05-21 08:05:00,6th,0,1,1
880,2026-05-21 08:05:00,7th,0,1,1
881,2026-05-20 20:35:00,1st,0,0,0
881,2026-05-20 20:35:00,2nd,-1,1,0
881,2026-05-20 20:35:00,3rd,0,1,1
881,2026-05-20 20:35:00,4th,0,0,0
881,2026-05-20 20:35:00,5th,0,0,0
881,2026-05-20 20:35:00,6th,1,3,4
881,2026-05-20 20:35:00,7th,0,0,0
882,2026-05-21 06:50:00,1st,1,0,1
882,2026-05-21 06:50:00,2nd,0,0,0
882,2026-05-21 06:50:00,3rd,0,2,2
882,2026-05-21 06:50:00,4th,0,0,0
882,2026-05-21 06:50:00,5th,0,0,0
882,2026-05-21 06:50:00,6th,0,0,0
882,2026-05-21 06:50:00,7th,0,0,0
883,2026-05-20 12:05:00,1st,0,2,2
883,2026-05-20 12:05:00,2nd,1,1,2
883,2026-05-20 12:05:00,3rd,-1,1,0
883,2026-05-20 12:05:00,4th,0,1,1
883,2026-05-20 12:05:00,5th,1,0,1
883,2026-05-20 12:05:00,6th,0,1,1
883,2026-05-20 12:05:00,7th,1,0,1
884,2026-05-21 01:20:00,1st,-1,1,0
884,2026-05-21 01:20:00,2nd,0,2,2
884,2026-05-21 01:20:00,3rd,0,0,0
884,2026-05-21 01:20:00,4th,0,0,0
884,2026-05-21 01:20:00,5th,0,0,0
884,2026-05-21 01:20:00,6th,0,0,0
884,2026-05-21 01:20:00,7th,0,0,0
885,2026-05-20 23:35:00,1st,3,3,6
885,2026-05-20 23:35:00,2nd,0,0,0
885,2026-05-20 23:35:00,3rd,1,0,1
885,2026-05-20 23:35:00,4th,0,0,0
885,2026-05-20 23:35:00,5th,0,0,0
885,2026-05-20 23:35:00,6th,1,0,1
885,2026-05-20 23:35:00,7th,-1,1,0
886,2026-05-21 10:20:00,1st,0,1,1
886,2026-05-21 10:20:00,2nd,-1,1,0
886,2026-05-21 10:20:00,3rd,0,0,0
886,2026-05-21 10:20:00,4th,0,0,0
886,2026-05-21 10:20:00,5th,0,0,0
886,2026-05-21 10:20:00,6th,0,1,1
886,2026-05-21 10:20:00,7th,-1,1,0
887,2026-05-20 18:05:00,1st,1,1,2
887,2026-05-20 18:05:00,2nd,0,0,0
887,2026-05-20 18:05:00,3rd,0,0,0
887,2026-05-20 18:05:00,4th,0,0,0
887,2026-05-20 18:05:00,5th,0,0,0
887,2026-05-20 18:05:00,6th,-1,1,0
887,2026-05-20 18:05:00,7th,-1,1,0
888,2026-05-21 06:35:00,1st,0,0,0
888,2026-05-21 06:35:00,2nd,-1,1,0
888,2026-05-21 06:35:00,3rd,1,0,1
888,2026-05-21 06:35:00,4th,0,0,0
888,2026-05-21 06:35:00,5th,1,0,1
888,2026-05-21 06:35:00,6th,-1,1,0
888,2026-05-21 06:35:00,7th,0,0,0
889,2026-05-20 08:05:00,1st,1,2,3
889,2026-05-20 08:05:00,2nd,-1,1,0
889,2026-05-20 08:05:00,3rd,0,0,0
889,2026-05-20 08:05:00,4th,0,0,0
889,2026-05-20 08:05:00,5th,0,0,0
889,2026-05-20 08:05:00,6th,0,1,1
889,2026-05-20 08:05:00,7th,0,0,0
890,2026-05-21 01:05:00,1st,1,0,1
890,2026-05-21 01:05:00,2nd,0,0,0
890,2026-05-21 01:05:00,3rd,0,1,1
890,2026-05-21 01:05:00,4th,0,0,0
890,2026-05-21 01:05:00,5th,0,0,0
890,2026-05-21 01:05:00,6th,0,0,0
890,2026-05-21 01:05:00,7th,0,0,0
891,2026-05-20 21:20:00,1st,1,1,2
891,2026-05-20 21:20:00,2nd,0,0,0
891,2026-05-20 21:20:00,3rd,-1,2,1
891,2026-05-20 21:20:00,4th,0,0,0
891,2026-05-20 21:20:00,5th,-1,1,0
891,2026-05-20 21:20:00,6th,1,2,3
891,2026-05-20 21:20:00,7th,2,0,2
892,2026-05-20 23:35:00,1st,3,3,6
892,2026-05-20 23:35:00,2nd,0,0,0
892,2026-05-20 23:35:00,3rd,1,0,1
892,2026-05-20 23:35:00,4th,0,0,0
892,2026-05-20 23:35:00,5th,0,0,0
892,2026-05-20 23:35:00,6th,1,0,1
892,2026-05-20 23:35:00,7th,-1,1,0
893,2026-05-21 04:50:00,1st,0,0,0
893,2026-05-21 04:50:00,2nd,-1,1,0
893,2026-05-21 04:50:00,3rd,0,0,0
893,2026-05-21 04:50:00,4th,0,0,0
893,2026-05-21 04:50:00,5th,0,0,0
893,2026-05-21 04:50:00,6th,-1,1,0
893,2026-05-21 04:50:00,7th,0,0,0
894,2026-05-21 06:35:00,1st,0,0,0
894,2026-05-21 06:35:00,2nd,-1,1,0
894,2026-05-21 06:35:00,3rd,1,0,1
894,2026-05-21 06:35:00,4th,0,0,0
894,2026-05-21 06:35:00,5th,1,0,1
894,2026-05-21 06:35:00,6th,-1,1,0
894,2026-05-21 06:35:00,7th,0,0,0
895,2026-05-20 08:35:00,1st,1,1,2
895,2026-05-20 08:35:00,2nd,0,0,0
895,2026-05-20 08:35:00,3rd,1,0,1
895,2026-05-20 08:35:00,4th,0,0,0
895,2026-05-20 08:35:00,5th,0,0,0
895,2026-05-20 08:35:00,6th,0,0,0
895,2026-05-20 08:35:00,7th,0,0,0
896,2026-05-21 07:20:00,1st,0,0,0
896,2026-05-21 07:20:00,2nd,0,0,0
896,2026-05-21 07:20:00,3rd,0,0,0
896,2026-05-21 07:20:00,4th,0,0,0
896,2026-05-21 07:20:00,5th,0,1,1
896,2026-05-21 07:20:00,6th,-1,1,0
896,2026-05-21 07:20:00,7th,0,0,0
897,2026-05-20 18:50:00,1st,1,0,1
897,2026-05-20 18:50:00,2nd,0,1,1
897,2026-05-20 18:50:00,3rd,2,0,2
897,2026-05-20 18:50:00,4th,0,0,0
897,2026-05-20 18:50:00,5th,0,0,0
897,2026-05-20 18:50:00,6th,0,1,1
897,2026-05-20 18:50:00,7th,0,0,0
898,2026-05-20 13:50:00,1st,0,2,2
898,2026-05-20 13:50:00,2nd,-1,1,0
898,2026-05-20 13:50:00,3rd,0,0,0
898,2026-05-20 13:50:00,4th,0,0,0
898,2026-05-20 13:50:00,5th,0,0,0
898,2026-05-20 13:50:00,6th,1,3,4
898,2026-05-20 13:50:00,7th,3,0,3
899,2026-05-20 08:05:00,1st,1,2,3
899,2026-05-20 08:05:00,2nd,-1,1,0
899,2026-05-20 08:05:00,3rd,0,0,0
899,2026-05-20 08:05:00,4th,0,0,0
899,2026-05-20 08:05:00,5th,0,0,0
899,2026-05-20 08:05:00,6th,0,1,1
899,2026-05-20 08:05:00,7th,0,0,0
900,2026-05-21 06:35:00,1st,0,0,0
900,2026-05-21 06:35:00,2nd,-1,1,0
900,2026-05-21 06:35:00,3rd,1,0,1
900,2026-05-21 06:35:00,4th,0,0,0
900,2026-05-21 06:35:00,5th,1,0,1
900,2026-05-21 06:35:00,6th,-1,1,0
900,2026-05-21 06:35:00,7th,0,0,0
901,2026-05-21 01:35:00,1st,1,0,1
901,2026-05-21 01:35:00,2nd,0,0,0
901,2026-05-21 01:35:00,3rd,0,0,0
901,2026-05-21 01:35:00,4th,0,0,0
901,2026-05-21 01:35:00,5th,0,0,0
901,2026-05-21 01:35:00,6th,0,0,0
901,2026-05-21 01:35:00,7th,0,1,1
902,2026-05-20 22:05:00,1st,-3,3,0
902,2026-05-20 22:05:00,2nd,2,0,2
902,2026-05-20 22:05:00,3rd,0,1,1
902,2026-05-20 22:05:00,4th,0,0,0
902,2026-05-20 22:05:00,5th,0,0,0
902,2026-05-20 22:05:00,6th,0,0,0
902,2026-05-20 22:05:00,7th,1,3,4
903,2026-05-20 07:50:00,1st,0,1,1
903,2026-05-20 07:50:00,2nd,-1,1,0
903,2026-05-20 07:50:00,3rd,0,0,0
903,2026-05-20 07:50:00,4th,0,0,0
903,2026-05-20 07:50:00,5th,0,0,0
903,2026-05-20 07:50:00,6th,0,1,1
903,2026-05-20 07:50:00,7th,1,0,1
904,2026-05-20 06:30:00,1st,0,0,0
904,2026-05-20 06:30:00,2nd,0,0,0
904,2026-05-20 06:30:00,3rd,0,0,0
904,2026-05-20 06:30:00,4th,0,0,0
904,2026-05-20 06:30:00,5th,0,0,0
904,2026-05-20 06:30:00,6th,0,0,0
904,2026-05-20 06:30:00,7th,1,0,1
905,2026-05-20 14:20:00,1st,0,2,2
905,2026-05-20 14:20:00,2nd,-2,3,1
905,2026-05-20 14:20:00,3rd,0,0,0
905,2026-05-20 14:20:00,4th,0,0,0
905,2026-05-20 14:20:00,5th,0,0,0
905,2026-05-20 14:20:00,6th,0,1,1
905,2026-05-20 14:20:00,7th,0,0,0
906,2026-05-20 11:50:00,1st,-2,2,0
906,2026-05-20 11:50:00,2nd,-1,1,0
906,2026-05-20 11:50:00,3rd,0,0,0
906,2026-05-20 11:50:00,4th,0,0,0
906,2026-05-20 11:50:00,5th,-1,1,0
906,2026-05-20 11:50:00,6th,-1,1,0
906,2026-05-20 11:50:00,7th,-1,1,0
907,2026-05-21 02:50:00,1st,0,0,0
907,2026-05-21 02:50:00,2nd,0,0,0
907,2026-05-21 02:50:00,3rd,0,0,0
907,2026-05-21 02:50:00,4th,0,0,0
907,2026-05-21 02:50:00,5th,0,0,0
907,2026-05-21 02:50:00,6th,0,2,2
907,2026-05-21 02:50:00,7th,0,0,0
908,2026-05-21 04:05:00,1st,0,0,0
908,2026-05-21 04:05:00,2nd,0,0,0
908,2026-05-21 04:05:00,3rd,0,0,0
908,2026-05-21 04:05:00,4th,1,0,1
908,2026-05-21 04:05:00,5th,0,0,0
908,2026-05-21 04:05:00,6th,0,0,0
908,2026-05-21 04:05:00,7th,0,0,0
909,2026-05-20 11:50:00,1st,-2,2,0
909,2026-05-20 11:50:00,2nd,-1,1,0
909,2026-05-20 11:50:00,3rd,0,0,0
909,2026-05-20 11:50:00,4th,0,0,0
909,2026-05-20 11:50:00,5th,-1,1,0
909,2026-05-20 11:50:00,6th,-1,1,0
909,2026-05-20 11:50:00,7th,-1,1,0
910,2026-05-20 15:35:00,1st,4,0,4
910,2026-05-20 15:35:00,2nd,-1,1,0
910,2026-05-20 15:35:00,3rd,0,0,0
910,2026-05-20 15:35:00,4th,0,0,0
910,2026-05-20 15:35:00,5th,0,0,0
910,2026-05-20 15:35:00,6th,0,0,0
910,2026-05-20 15:35:00,7th,0,0,0
911,2026-05-20 07:50:00,1st,0,1,1
911,2026-05-20 07:50:00,2nd,-1,1,0
911,2026-05-20 07:50:00,3rd,0,0,0
911,2026-05-20 07:50:00,4th,0,0,0
911,2026-05-20 07:50:00,5th,0,0,0
911,2026-05-20 07:50:00,6th,0,1,1
911,2026-05-20 07:50:00,7th,1,0,1
912,2026-05-21 06:20:00,1st,0,0,0
912,2026-05-21 06:20:00,2nd,0,0,0
912,2026-05-21 06:20:00,3rd,0,1,1
912,2026-05-21 06:20:00,4th,0,0,0
912,2026-05-21 06:20:00,5th,0,1,1
912,2026-05-21 06:20:00,6th,-1,2,1
912,2026-05-21 06:20:00,7th,0,0,0
913,2026-05-20 07:35:00,1st,1,1,2
913,2026-05-20 07:35:00,2nd,0,0,0
913,2026-05-20 07:35:00,3rd,0,0,0
913,2026-05-20 07:35:00,4th,0,0,0
913,2026-05-20 07:35:00,5th,-1,1,0
913,2026-05-20 07:35:00,6th,0,1,1
913,2026-05-20 07:35:00,7th,1,0,1
914,2026-05-20 22:35:00,1st,-2,3,1
914,2026-05-20 22:35:00,2nd,1,0,1
914,2026-05-20 22:35:00,3rd,0,0,0
914,2026-05-20 22:35:00,4th,0,0,0
914,2026-05-20 22:35:00,5th,0,0,0
914,2026-05-20 22:35:00,6th,0,2,2
914,2026-05-20 22:35:00,7th,1,0,1
915,2026-05-20 23:05:00,1st,-1,3,2
915,2026-05-20 23:05:00,2nd,3,0,3
915,2026-05-20 23:05:00,3rd,-1,1,0
915,2026-05-20 23:05:00,4th,0,0,0
915,2026-05-20 23:05:00,5th,0,0,0
915,2026-05-20 23:05:00,6th,2,0,2
915,2026-05-20 23:05:00,7th,0,2,2
916,2026-05-21 10:20:00,1st,0,1,1
916,2026-05-21 10:20:00,2nd,-1,1,0
916,2026-05-21 10:20:00,3rd,0,0,0
916,2026-05-21 10:20:00,4th,0,0,0
916,2026-05-21 10:20:00,5th,0,0,0
916,2026-05-21 10:20:00,6th,0,1,1
916,2026-05-21 10:20:00,7th,-1,1,0
917,2026-05-20 18:35:00,1st,-4,6,2
917,2026-05-20 18:35:00,2nd,0,0,0
917,2026-05-20 18:35:00,3rd,0,0,0
917,2026-05-20 18:35:00,4th,0,0,0
917,2026-05-20 18:35:00,5th,0,0,0
917,2026-05-20 18:35:00,6th,0,0,0
917,2026-05-20 18:35:00,7th,0,0,0
918,2026-05-21 03:05:00,1st,0,0,0
918,2026-05-21 03:05:00,2nd,0,0,0
918,2026-05-21 03:05:00,3rd,0,0,0
918,2026-05-21 03:05:00,4th,1,0,1
918,2026-05-21 03:05:00,5th,0,0,0
918,2026-05-21 03:05:00,6th,0,0,0
918,2026-05-21 03:05:00,7th,0,0,0
919,2026-05-20 13:35:00,1st,0,2,2
919,2026-05-20 13:35:00,2nd,0,0,0
919,2026-05-20 13:35:00,3rd,2,0,2
919,2026-05-20 13:35:00,4th,1,0,1
919,2026-05-20 13:35:00,5th,-1,1,0
919,2026-05-20 13:35:00,6th,0,0,0
919,2026-05-20 13:35:00,7th,0,0,0
920,2026-05-20 08:50:00,1st,0,0,0
920,2026-05-20 08:50:00,2nd,-1,1,0
920,2026-05-20 08:50:00,3rd,0,0,0
920,2026-05-20 08:50:00,4th,0,0,0
920,2026-05-20 08:50:00,5th,0,0,0
920,2026-05-20 08:50:00,6th,0,0,0
920,2026-05-20 08:50:00,7th,-1,1,0
921,2026-05-21 05:50:00,1st,-1,1,0
921,2026-05-21 05:50:00,2nd,1,0,1
921,2026-05-21 05:50:00,3rd,0,1,1
921,2026-05-21 05:50:00,4th,0,0,0
921,2026-05-21 05:50:00,5th,0,0,0
921,2026-05-21 05:50:00,6th,0,0,0
921,2026-05-21 05:50:00,7th,0,0,0
922,2026-05-21 06:05:00,1st,1,0,1
922,2026-05-21 06:05:00,2nd,0,0,0
922,2026-05-21 06:05:00,3rd,0,0,0
922,2026-05-21 06:05:00,4th,0,0,0
922,2026-05-21 06:05:00,5th,0,0,0
922,2026-05-21 06:05:00,6th,0,0,0
922,2026-05-21 06:05:00,7th,0,1,1
923,2026-05-21 08:35:00,1st,0,1,1
923,2026-05-21 08:35:00,2nd,0,1,1
923,2026-05-21 08:35:00,3rd,0,0,0
923,2026-05-21 08:35:00,4th,0,0,0
923,2026-05-21 08:35:00,5th,0,0,0
923,2026-05-21 08:35:00,6th,0,0,0
923,2026-05-21 08:35:00,7th,0,0,0
924,2026-05-21 00:20:00,1st,2,1,3
924,2026-05-21 00:20:00,2nd,0,0,0
924,2026-05-21 00:20:00,3rd,0,0,0
924,2026-05-21 00:20:00,4th,0,0,0
924,2026-05-21 00:20:00,5th,0,0,0
924,2026-05-21 00:20:00,6th,0,0,0
924,2026-05-21 00:20:00,7th,0,0,0
925,2026-05-20 09:35:00,1st,0,1,1
925,2026-05-20 09:35:00,2nd,0,0,0
925,2026-05-20 09:35:00,3rd,0,0,0
925,2026-05-20 09:35:00,4th,0,0,0
925,2026-05-20 09:35:00,5th,0,0,0
925,2026-05-20 09:35:00,6th,2,0,2
925,2026-05-20 09:35:00,7th,0,0,0
926,2026-05-20 12:20:00,1st,0,0,0
926,2026-05-20 12:20:00,2nd,-1,1,0
926,2026-05-20 12:20:00,3rd,0,0,0
926,2026-05-20 12:20:00,4th,1,0,1
926,2026-05-20 12:20:00,5th,0,0,0
926,2026-05-20 12:20:00,6th,1,1,2
926,2026-05-20 12:20:00,7th,0,0,0
927,2026-05-20 21:35:00,1st,0,1,1
927,2026-05-20 21:35:00,2nd,0,0,0
927,2026-05-20 21:35:00,3rd,0,1,1
927,2026-05-20 21:35:00,4th,0,0,0
927,2026-05-20 21:35:00,5th,1,0,1
927,2026-05-20 21:35:00,6th,0,0,0
927,2026-05-20 21:35:00,7th,-1,2,1
928,2026-05-20 20:20:00,1st,0,2,2
928,2026-05-20 20:20:00,2nd,0,0,0
928,2026-05-20 20:20:00,3rd,0,1,1
928,2026-05-20 20:20:00,4th,0,0,0
928,2026-05-20 20:20:00,5th,2,0,2
928,2026-05-20 20:20:00,6th,2,2,4
928,2026-05-20 20:20:00,7th,0,0,0
929,2026-05-20 09:05:00,1st,1,0,1
929,2026-05-20 09:05:00,2nd,0,0,0
929,2026-05-20 09:05:00,3rd,0,0,0
929,2026-05-20 09:05:00,4th,0,0,0
929,2026-05-20 09:05:00,5th,0,0,0
929,2026-05-20 09:05:00,6th,1,0,1
929,2026-05-20 09:05:00,7th,0,1,1
930,2026-05-20 10:50:00,1st,-1,1,0
930,2026-05-20 10:50:00,2nd,0,0,0
930,2026-05-20 10:50:00,3rd,0,0,0
930,2026-05-20 10:50:00,4th,0,0,0
930,2026-05-20 10:50:00,5th,0,0,0
930,2026-05-20 10:50:00,6th,0,1,1
930,2026-05-20 10:50:00,7th,-1,1,0
931,2026-05-20 23:05:00,1st,-1,3,2
931,2026-05-20 23:05:00,2nd,3,0,3
931,2026-05-20 23:05:00,3rd,-1,1,0
931,2026-05-20 23:05:00,4th,0,0,0
931,2026-05-20 23:05:00,5th,0,0,0
931,2026-05-20 23:05:00,6th,2,0,2
931,2026-05-20 23:05:00,7th,0,2,2
932,2026-05-20 16:20:00,1st,0,2,2
932,2026-05-20 16:20:00,2nd,0,0,0
932,2026-05-20 16:20:00,3rd,-1,1,0
932,2026-05-20 16:20:00,4th,0,0,0
932,2026-05-20 16:20:00,5th,0,0,0
932,2026-05-20 16:20:00,6th,0,1,1
932,2026-05-20 16:20:00,7th,0,0,0
933,2026-05-21 08:05:00,1st,1,1,2
933,2026-05-21 08:05:00,2nd,0,0,0
933,2026-05-21 08:05:00,3rd,0,0,0
933,2026-05-21 08:05:00,4th,0,0,0
933,2026-05-21 08:05:00,5th,0,0,0
933,2026-05-21 08:05:00,6th,0,1,1
933,2026-05-21 08:05:00,7th,0,1,1
934,2026-05-21 02:35:00,1st,0,0,0
934,2026-05-21 02:35:00,2nd,0,0,0
934,2026-05-21 02:35:00,3rd,0,0,0
934,2026-05-21 02:35:00,4th,0,0,0
934,2026-05-21 02:35:00,5th,0,1,1
934,2026-05-21 02:35:00,6th,0,2,2
934,2026-05-21 02:35:00,7th,0,0,0
935,2026-05-20 18:50:00,1st,1,0,1
935,2026-05-20 18:50:00,2nd,0,1,1
935,2026-05-20 18:50:00,3rd,2,0,2
935,2026-05-20 18:50:00,4th,0,0,0
935,2026-05-20 18:50:00,5th,0,0,0
935,2026-05-20 18:50:00,6th,0,1,1
935,2026-05-20 18:50:00,7th,0,0,0
936,2026-05-20 18:35:00,1st,-4,6,2
936,2026-05-20 18:35:00,2nd,0,0,0
936,2026-05-20 18:35:00,3rd,0,0,0
936,2026-05-20 18:35:00,4th,0,0,0
936,2026-05-20 18:35:00,5th,0,0,0
936,2026-05-20 18:35:00,6th,0,0,0
936,2026-05-20 18:35:00,7th,0,0,0
937,2026-05-20 09:05:00,1st,1,0,1
937,2026-05-20 09:05:00,2nd,0,0,0
937,2026-05-20 09:05:00,3rd,0,0,0
937,2026-05-20 09:05:00,4th,0,0,0
937,2026-05-20 09:05:00,5th,0,0,0
937,2026-05-20 09:05:00,6th,1,0,1
937,2026-05-20 09:05:00,7th,0,1,1
938,2026-05-21 00:05:00,1st,-1,3,2
938,2026-05-21 00:05:00,2nd,0,0,0
938,2026-05-21 00:05:00,3rd,-1,1,0
938,2026-05-21 00:05:00,4th,0,0,0
938,2026-05-21 00:05:00,5th,0,0,0
938,2026-05-21 00:05:00,6th,2,0,2
938,2026-05-21 00:05:00,7th,0,0,0
939,2026-05-21 05:20:00,1st,1,0,1
939,2026-05-21 05:20:00,2nd,0,0,0
939,2026-05-21 05:20:00,3rd,0,0,0
939,2026-05-21 05:20:00,4th,0,0,0
939,2026-05-21 05:20:00,5th,0,0,0
939,2026-05-21 05:20:00,6th,0,1,1
939,2026-05-21 05:20:00,7th,0,0,0
940,2026-05-21 07:50:00,1st,0,0,0
940,2026-05-21 07:50:00,2nd,-1,1,0
940,2026-05-21 07:50:00,3rd,0,0,0
940,2026-05-21 07:50:00,4th,0,0,0
940,2026-05-21 07:50:00,5th,1,1,2
940,2026-05-21 07:50:00,6th,0,0,0
940,2026-05-21 07:50:00,7th,-1,1,0
941,2026-05-20 12:50:00,1st,-2,3,1
941,2026-05-20 12:50:00,2nd,0,0,0
941,2026-05-20 12:50:00,3rd,0,0,0
941,2026-05-20 12:50:00,4th,0,0,0
941,2026-05-20 12:50:00,5th,-1,1,0
941,2026-05-20 12:50:00,6th,0,0,0
941,2026-05-20 12:50:00,7th,0,0,0
942,2026-05-21 01:20:00,1st,-1,1,0
942,2026-05-21 01:20:00,2nd,0,2,2
942,2026-05-21 01:20:00,3rd,0,0,0
942,2026-05-21 01:20:00,4th,0,0,0
942,2026-05-21 01:20:00,5th,0,0,0
942,2026-05-21 01:20:00,6th,0,0,0
942,2026-05-21 01:20:00,7th,0,0,0
943,2026-05-20 16:35:00,1st,-2,3,1
943,2026-05-20 16:35:00,2nd,0,0,0
943,2026-05-20 16:35:00,3rd,0,0,0
943,2026-05-20 16:35:00,4th,0,0,0
943,2026-05-20 16:35:00,5th,0,0,0
943,2026-05-20 16:35:00,6th,1,1,2
943,2026-05-20 16:35:00,7th,1,0,1
944,2026-05-20 08:50:00,1st,0,0,0
944,2026-05-20 08:50:00,2nd,-1,1,0
944,2026-05-20 08:50:00,3rd,0,0,0
944,2026-05-20 08:50:00,4th,0,0,0
944,2026-05-20 08:50:00,5th,0,0,0
944,2026-05-20 08:50:00,6th,0,0,0
944,2026-05-20 08:50:00,7th,-1,1,0
945,2026-05-20 10:20:00,1st,-1,1,0
945,2026-05-20 10:20:00,2nd,0,0,0
945,2026-05-20 10:20:00,3rd,-1,1,0
945,2026-05-20 10:20:00,4th,0,0,0
945,2026-05-20 10:20:00,5th,0,0,0
945,2026-05-20 10:20:00,6th,0,1,1
945,2026-05-20 10:20:00,7th,2,0,2
946,2026-05-20 17:35:00,1st,0,2,2
946,2026-05-20 17:35:00,2nd,0,0,0
946,2026-05-20 17:35:00,3rd,0,1,1
946,2026-05-20 17:35:00,4th,0,0,0
946,2026-05-20 17:35:00,5th,0,0,0
946,2026-05-20 17:35:00,6th,-1,1,0
946,2026-05-20 17:35:00,7th,1,0,1
947,2026-05-20 06:50:00,1st,0,0,0
947,2026-05-20 06:50:00,2nd,-1,1,0
947,2026-05-20 06:50:00,3rd,0,0,0
947,2026-05-20 06:50:00,4th,0,0,0
947,2026-05-20 06:50:00,5th,0,0,0
947,2026-05-20 06:50:00,6th,-2,2,0
947,2026-05-20 06:50:00,7th,-1,1,0
948,2026-05-20 14:50:00,1st,0,2,2
948,2026-05-20 14:50:00,2nd,1,0,1
948,2026-05-20 14:50:00,3rd,-1,1,0
948,2026-05-20 14:50:00,4th,0,0,0
948,2026-05-20 14:50:00,5th,0,0,0
948,2026-05-20 14:50:00,6th,1,0,1
948,2026-05-20 14:50:00,7th,0,0,0
949,2026-05-20 19:35:00,1st,-3,5,2
949,2026-05-20 19:35:00,2nd,0,0,0
949,2026-05-20 19:35:00,3rd,1,0,1
949,2026-05-20 19:35:00,4th,0,0,0
949,2026-05-20 19:35:00,5th,0,1,1
949,2026-05-20 19:35:00,6th,0,0,0
949,2026-05-20 19:35:00,7th,0,0,0
950,2026-05-20 19:20:00,1st,0,1,1
950,2026-05-20 19:20:00,2nd,0,0,0
950,2026-05-20 19:20:00,3rd,-1,1,0
950,2026-05-20 19:20:00,4th,0,0,0
950,2026-05-20 19:20:00,5th,0,0,0
950,2026-05-20 19:20:00,6th,0,0,0
950,2026-05-20 19:20:00,7th,1,1,2
951,2026-05-21 07:05:00,1st,0,0,0
951,2026-05-21 07:05:00,2nd,0,0,0
951,2026-05-21 07:05:00,3rd,0,1,1
951,2026-05-21 07:05:00,4th,0,0,0
951,2026-05-21 07:05:00,5th,0,0,0
951,2026-05-21 07:05:00,6th,0,0,0
951,2026-05-21 07:05:00,7th,0,0,0
952,2026-05-21 07:35:00,1st,0,1,1
952,2026-05-21 07:35:00,2nd,2,0,2
952,2026-05-21 07:35:00,3rd,0,0,0
952,2026-05-21 07:35:00,4th,0,0,0
952,2026-05-21 07:35:00,5th,0,0,0
952,2026-05-21 07:35:00,6th,0,0,0
952,2026-05-21 07:35:00,7th,-1,1,0
953,2026-05-20 17:05:00,1st,1,0,1
953,2026-05-20 17:05:00,2nd,-1,1,0
953,2026-05-20 17:05:00,3rd,-1,1,0
953,2026-05-20 17:05:00,4th,0,0,0
953,2026-05-20 17:05:00,5th,0,0,0
953,2026-05-20 17:05:00,6th,1,0,1
953,2026-05-20 17:05:00,7th,0,0,0
954,2026-05-20 15:35:00,1st,4,0,4
954,2026-05-20 15:35:00,2nd,-1,1,0
954,2026-05-20 15:35:00,3rd,0,0,0
954,2026-05-20 15:35:00,4th,0,0,0
954,2026-05-20 15:35:00,5th,0,0,0
954,2026-05-20 15:35:00,6th,0,0,0
954,2026-05-20 15:35:00,7th,0,0,0
955,2026-05-21 10:05:00,1st,0,0,0
955,2026-05-21 10:05:00,2nd,0,0,0
955,2026-05-21 10:05:00,3rd,0,0,0
955,2026-05-21 10:05:00,4th,0,0,0
955,2026-05-21 10:05:00,5th,0,0,0
955,2026-05-21 10:05:00,6th,-1,2,1
955,2026-05-21 10:05:00,7th,0,0,0
956,2026-05-21 02:35:00,1st,0,0,0
956,2026-05-21 02:35:00,2nd,0,0,0
956,2026-05-21 02:35:00,3rd,0,0,0
956,2026-05-21 02:35:00,4th,0,0,0
956,2026-05-21 02:35:00,5th,0,1,1
956,2026-05-21 02:35:00,6th,0,2,2
956,2026-05-21 02:35:00,7th,0,0,0
957,2026-05-20 10:50:00,1st,-1,1,0
957,2026-05-20 10:50:00,2nd,0,0,0
957,2026-05-20 10:50:00,3rd,0,0,0
957,2026-05-20 10:50:00,4th,0,0,0
957,2026-05-20 10:50:00,5th,0,0,0
957,2026-05-20 10:50:00,6th,0,1,1
957,2026-05-20 10:50:00,7th,-1,1,0
958,2026-05-20 19:05:00,1st,-1,2,1
958,2026-05-20 19:05:00,2nd,-1,1,0
958,2026-05-20 19:05:00,3rd,0,0,0
958,2026-05-20 19:05:00,4th,0,0,0
958,2026-05-20 19:05:00,5th,0,0,0
958,2026-05-20 19:05:00,6th,1,0,1
958,2026-05-20 19:05:00,7th,-1,1,0
959,2026-05-20 22:05:00,1st,-3,3,0
959,2026-05-20 22:05:00,2nd,2,0,2
959,2026-05-20 22:05:00,3rd,0,1,1
959,2026-05-20 22:05:00,4th,0,0,0
959,2026-05-20 22:05:00,5th,0,0,0
959,2026-05-20 22:05:00,6th,0,0,0
959,2026-05-20 22:05:00,7th,1,3,4
960,2026-05-21 06:05:00,1st,1,0,1
960,2026-05-21 06:05:00,2nd,0,0,0
960,2026-05-21 06:05:00,3rd,0,0,0
960,2026-05-21 06:05:00,4th,0,0,0
960,2026-05-21 06:05:00,5th,0,0,0
960,2026-05-21 06:05:00,6th,0,0,0
960,2026-05-21 06:05:00,7th,0,1,1
961,2026-05-20 20:05:00,1st,2,2,4
961,2026-05-20 20:05:00,2nd,0,1,1
961,2026-05-20 20:05:00,3rd,1,1,2
961,2026-05-20 20:05:00,4th,0,0,0
961,2026-05-20 20:05:00,5th,1,2,3
961,2026-05-20 20:05:00,6th,0,0,0
961,2026-05-20 20:05:00,7th,-1,1,0
962,2026-05-20 12:50:00,1st,-2,3,1
962,2026-05-20 12:50:00,2nd,0,0,0
962,2026-05-20 12:50:00,3rd,0,0,0
962,2026-05-20 12:50:00,4th,0,0,0
962,2026-05-20 12:50:00,5th,-1,1,0
962,2026-05-20 12:50:00,6th,0,0,0
962,2026-05-20 12:50:00,7th,0,0,0
963,2026-05-21 09:35:00,1st,-1,1,0
963,2026-05-21 09:35:00,2nd,1,0,1
963,2026-05-21 09:35:00,3rd,0,0,0
963,2026-05-21 09:35:00,4th,0,0,0
963,2026-05-21 09:35:00,5th,0,0,0
963,2026-05-21 09:35:00,6th,0,0,0
963,2026-05-21 09:35:00,7th,0,0,0
964,2026-05-20 20:35:00,1st,0,0,0
964,2026-05-20 20:35:00,2nd,-1,1,0
964,2026-05-20 20:35:00,3rd,0,1,1
964,2026-05-20 20:35:00,4th,0,0,0
964,2026-05-20 20:35:00,5th,0,0,0
964,2026-05-20 20:35:00,6th,1,3,4
964,2026-05-20 20:35:00,7th,0,0,0
965,2026-05-20 21:20:00,1st,1,1,2
965,2026-05-20 21:20:00,2nd,0,0,0
965,2026-05-20 21:20:00,3rd,-1,2,1
965,2026-05-20 21:20:00,4th,0,0,0
965,2026-05-20 21:20:00,5th,-1,1,0
965,2026-05-20 21:20:00,6th,1,2,3
965,2026-05-20 21:20:00,7th,2,0,2
966,2026-05-20 23:20:00,1st,-2,4,2
966,2026-05-20 23:20:00,2nd,0,1,1
966,2026-05-20 23:20:00,3rd,0,0,0
966,2026-05-20 23:20:00,4th,0,0,0
966,2026-05-20 23:20:00,5th,0,0,0
966,2026-05-20 23:20:00,6th,0,0,0
966,2026-05-20 23:20:00,7th,1,0,1
967,2026-05-21 09:05:00,1st,-1,2,1
967,2026-05-21 09:05:00,2nd,0,0,0
967,2026-05-21 09:05:00,3rd,2,0,2
967,2026-05-21 09:05:00,4th,0,0,0
967,2026-05-21 09:05:00,5th,0,0,0
967,2026-05-21 09:05:00,6th,2,0,2
967,2026-05-21 09:05:00,7th,0,0,0
968,2026-05-20 16:35:00,1st,-2,3,1
968,2026-05-20 16:35:00,2nd,0,0,0
968,2026-05-20 16:35:00,3rd,0,0,0
968,2026-05-20 16:35:00,4th,0,0,0
968,2026-05-20 16:35:00,5th,0,0,0
968,2026-05-20 16:35:00,6th,1,1,2
968,2026-05-20 16:35:00,7th,1,0,1
969,2026-05-21 06:50:00,1st,1,0,1
969,2026-05-21 06:50:00,2nd,0,0,0
969,2026-05-21 06:50:00,3rd,0,2,2
969,2026-05-21 06:50:00,4th,0,0,0
969,2026-05-21 06:50:00,5th,0,0,0
969,2026-05-21 06:50:00,6th,0,0,0
969,2026-05-21 06:50:00,7th,0,0,0
970,2026-05-20 21:35:00,1st,0,1,1
970,2026-05-20 21:35:00,2nd,0,0,0
970,2026-05-20 21:35:00,3rd,0,1,1
970,2026-05-20 21:35:00,4th,0,0,0
970,2026-05-20 21:35:00,5th,1,0,1
970,2026-05-20 21:35:00,6th,0,0,0
970,2026-05-20 21:35:00,7th,-1,2,1
971,2026-05-21 07:35:00,1st,0,1,1
971,2026-05-21 07:35:00,2nd,2,0,2
971,2026-05-21 07:35:00,3rd,0,0,0
971,2026-05-21 07:35:00,4th,0,0,0
971,2026-05-21 07:35:00,5th,0,0,0
971,2026-05-21 07:35:00,6th,0,0,0
971,2026-05-21 07:35:00,7th,-1,1,0
972,2026-05-20 14:20:00,1st,0,2,2
972,2026-05-20 14:20:00,2nd,-2,3,1
972,2026-05-20 14:20:00,3rd,0,0,0
972,2026-05-20 14:20:00,4th,0,0,0
972,2026-05-20 14:20:00,5th,0,0,0
972,2026-05-20 14:20:00,6th,0,1,1
972,2026-05-20 14:20:00,7th,0,0,0
973,2026-05-21 07:05:00,1st,0,0,0
973,2026-05-21 07:05:00,2nd,0,0,0
973,2026-05-21 07:05:00,3rd,0,1,1
973,2026-05-21 07:05:00,4th,0,0,0
973,2026-05-21 07:05:00,5th,0,0,0
973,2026-05-21 07:05:00,6th,0,0,0
973,2026-05-21 07:05:00,7th,0,0,0
974,2026-05-21 10:20:00,1st,0,1,1
974,2026-05-21 10:20:00,2nd,-1,1,0
974,2026-05-21 10:20:00,3rd,0,0,0
974,2026-05-21 10:20:00,4th,0,0,0
974,2026-05-21 10:20:00,5th,0,0,0
974,2026-05-21 10:20:00,6th,0,1,1
974,2026-05-21 10:20:00,7th,-1,1,0
975,2026-05-20 19:50:00,1st,0,1,1
975,2026-05-20 19:50:00,2nd,0,0,0
975,2026-05-20 19:50:00,3rd,0,0,0
975,2026-05-20 19:50:00,4th,0,0,0
975,2026-05-20 19:50:00,5th,-1,2,1
975,2026-05-20 19:50:00,6th,-1,1,0
975,2026-05-20 19:50:00,7th,0,0,0
976,2026-05-21 00:50:00,1st,-1,4,3
976,2026-05-21 00:50:00,2nd,1,0,1
976,2026-05-21 00:50:00,3rd,0,3,3
976,2026-05-21 00:50:00,4th,1,0,1
976,2026-05-21 00:50:00,5th,0,0,0
976,2026-05-21 00:50:00,6th,0,0,0
976,2026-05-21 00:50:00,7th,0,0,0
977,2026-05-21 05:50:00,1st,-1,1,0
977,2026-05-21 05:50:00,2nd,1,0,1
977,2026-05-21 05:50:00,3rd,0,1,1
977,2026-05-21 05:50:00,4th,0,0,0
977,2026-05-21 05:50:00,5th,0,0,0
977,2026-05-21 05:50:00,6th,0,0,0
977,2026-05-21 05:50:00,7th,0,0,0
978,2026-05-20 23:20:00,1st,-2,4,2
978,2026-05-20 23:20:00,2nd,0,1,1
978,2026-05-20 23:20:00,3rd,0,0,0
978,2026-05-20 23:20:00,4th,0,0,0
978,2026-05-20 23:20:00,5th,0,0,0
978,2026-05-20 23:20:00,6th,0,0,0
978,2026-05-20 23:20:00,7th,1,0,1
979,2026-05-21 08:50:00,1st,0,0,0
979,2026-05-21 08:50:00,2nd,-1,1,0
979,2026-05-21 08:50:00,3rd,-1,2,1
979,2026-05-21 08:50:00,4th,0,0,0
979,2026-05-21 08:50:00,5th,0,0,0
979,2026-05-21 08:50:00,6th,-1,1,0
979,2026-05-21 08:50:00,7th,0,0,0
980,2026-05-21 08:50:00,1st,0,0,0
980,2026-05-21 08:50:00,2nd,-1,1,0
980,2026-05-21 08:50:00,3rd,-1,2,1
980,2026-05-21 08:50:00,4th,0,0,0
980,2026-05-21 08:50:00,5th,0,0,0
980,2026-05-21 08:50:00,6th,-1,1,0
980,2026-05-21 08:50:00,7th,0,0,0
981,2026-05-20 11:05:00,1st,1,5,6
981,2026-05-20 11:05:00,2nd,-1,1,0
981,2026-05-20 11:05:00,3rd,0,0,0
981,2026-05-20 11:05:00,4th,0,0,0
981,2026-05-20 11:05:00,5th,0,0,0
981,2026-05-20 11:05:00,6th,1,1,2
981,2026-05-20 11:05:00,7th,0,0,0
982,2026-05-20 18:20:00,1st,-1,2,1
982,2026-05-20 18:20:00,2nd,-1,1,0
982,2026-05-20 18:20:00,3rd,0,0,0
982,2026-05-20 18:20:00,4th,0,0,0
982,2026-05-20 18:20:00,5th,0,0,0
982,2026-05-20 18:20:00,6th,1,1,2
982,2026-05-20 18:20:00,7th,0,0,0
983,2026-05-21 05:20:00,1st,1,0,1
983,2026-05-21 05:20:00,2nd,0,0,0
983,2026-05-21 05:20:00,3rd,0,0,0
983,2026-05-21 05:20:00,4th,0,0,0
983,2026-05-21 05:20:00,5th,0,0,0
983,2026-05-21 05:20:00,6th,0,1,1
983,2026-05-21 05:20:00,7th,0,0,0
984,2026-05-21 10:05:00,1st,0,0,0
984,2026-05-21 10:05:00,2nd,0,0,0
984,2026-05-21 10:05:00,3rd,0,0,0
984,2026-05-21 10:05:00,4th,0,0,0
984,2026-05-21 10:05:00,5th,0,0,0
984,2026-05-21 10:05:00,6th,-1,2,1
984,2026-05-21 10:05:00,7th,0,0,0
985,2026-05-21 08:05:00,1st,1,1,2
985,2026-05-21 08:05:00,2nd,0,0,0
985,2026-05-21 08:05:00,3rd,0,0,0
985,2026-05-21 08:05:00,4th,0,0,0
985,2026-05-21 08:05:00,5th,0,0,0
985,2026-05-21 08:05:00,6th,0,1,1
985,2026-05-21 08:05:00,7th,0,1,1
986,2026-05-20 08:50:00,1st,0,0,0
986,2026-05-20 08:50:00,2nd,-1,1,0
986,2026-05-20 08:50:00,3rd,0,0,0
986,2026-05-20 08:50:00,4th,0,0,0
986,2026-05-20 08:50:00,5th,0,0,0
986,2026-05-20 08:50:00,6th,0,0,0
986,2026-05-20 08:50:00,7th,-1,1,0
987,2026-05-21 05:35:00,1st,-1,1,0
987,2026-05-21 05:35:00,2nd,-1,1,0
987,2026-05-21 05:35:00,3rd,0,0,0
987,2026-05-21 05:35:00,4th,0,0,0
987,2026-05-21 05:35:00,5th,0,0,0
987,2026-05-21 05:35:00,6th,0,1,1
987,2026-05-21 05:35:00,7th,0,0,0
988,2026-05-21 10:20:00,1st,0,1,1
988,2026-05-21 10:20:00,2nd,-1,1,0
988,2026-05-21 10:20:00,3rd,0,0,0
988,2026-05-21 10:20:00,4th,0,0,0
988,2026-05-21 10:20:00,5th,0,0,0
988,2026-05-21 10:20:00,6th,0,1,1
988,2026-05-21 10:20:00,7th,-1,1,0
989,2026-05-20 09:50:00,1st,-2,6,4
989,2026-05-20 09:50:00,2nd,0,0,0
989,2026-05-20 09:50:00,3rd,-1,1,0
989,2026-05-20 09:50:00,4th,0,0,0
989,2026-05-20 09:50:00,5th,0,0,0
989,2026-05-20 09:50:00,6th,0,0,0
989,2026-05-20 09:50:00,7th,0,0,0
990,2026-05-21 01:50:00,1st,0,0,0
990,2026-05-21 01:50:00,2nd,0,0,0
990,2026-05-21 01:50:00,3rd,0,0,0
990,2026-05-21 01:50:00,4th,0,0,0
990,2026-05-21 01:50:00,5th,0,0,0
990,2026-05-21 01:50:00,6th,0,0,0
990,2026-05-21 01:50:00,7th,0,1,1
991,2026-05-20 19:05:00,1st,-1,2,1
991,2026-05-20 19:05:00,2nd,-1,1,0
991,2026-05-20 19:05:00,3rd,0,0,0
991,2026-05-20 19:05:00,4th,0,0,0
991,2026-05-20 19:05:00,5th,0,0,0
991,2026-05-20 19:05:00,6th,1,0,1
991,2026-05-20 19:05:00,7th,-1,1,0
992,2026-05-20 22:05:00,1st,-3,3,0
992,2026-05-20 22:05:00,2nd,2,0,2
992,2026-05-20 22:05:00,3rd,0,1,1
992,2026-05-20 22:05:00,4th,0,0,0
992,2026-05-20 22:05:00,5th,0,0,0
992,2026-05-20 22:05:00,6th,0,0,0
992,2026-05-20 22:05:00,7th,1,3,4
993,2026-05-21 09:50:00,1st,0,1,1
993,2026-05-21 09:50:00,2nd,1,1,2
993,2026-05-21 09:50:00,3rd,0,0,0
993,2026-05-21 09:50:00,4th,0,0,0
993,2026-05-21 09:50:00,5th,0,0,0
993,2026-05-21 09:50:00,6th,0,0,0
993,2026-05-21 09:50:00,7th,0,0,0
994,2026-05-20 16:05:00,1st,0,3,3
994,2026-05-20 16:05:00,2nd,0,0,0
994,2026-05-20 16:05:00,3rd,0,0,0
994,2026-05-20 16:05:00,4th,0,0,0
994,2026-05-20 16:05:00,5th,1,0,1
994,2026-05-20 16:05:00,6th,0,0,0
994,2026-05-20 16:05:00,7th,2,0,2
995,2026-05-20 13:50:00,1st,0,2,2
995,2026-05-20 13:50:00,2nd,-1,1,0
995,2026-05-20 13:50:00,3rd,0,0,0
995,2026-05-20 13:50:00,4th,0,0,0
995,2026-05-20 13:50:00,5th,0,0,0
995,2026-05-20 13:50:00,6th,1,3,4
995,2026-05-20 13:50:00,7th,3,0,3
996,2026-05-20 11:50:00,1st,-2,2,0
996,2026-05-20 11:50:00,2nd,-1,1,0
996,2026-05-20 11:50:00,3rd,0,0,0
996,2026-05-20 11:50:00,4th,0,0,0
996,2026-05-20 11:50:00,5th,-1,1,0
996,2026-05-20 11:50:00,6th,-1,1,0
996,2026-05-20 11:50:00,7th,-1,1,0
997,2026-05-20 11:50:00,1st,-2,2,0
997,2026-05-20 11:50:00,2nd,-1,1,0
997,2026-05-20 11:50:00,3rd,0,0,0
997,2026-05-20 11:50:00,4th,0,0,0
997,2026-05-20 11:50:00,5th,-1,1,0
997,2026-05-20 11:50:00,6th,-1,1,0
997,2026-05-20 11:50:00,7th,-1,1,0
998,2026-05-21 10:20:00,1st,0,1,1
998,2026-05-21 10:20:00,2nd,-1,1,0
998,2026-05-21 10:20:00,3rd,0,0,0
998,2026-05-21 10:20:00,4th,0,0,0
998,2026-05-21 10:20:00,5th,0,0,0
998,2026-05-21 10:20:00,6th,0,1,1
998,2026-05-21 10:20:00,7th,-1,1,0
999,2026-05-20 13:05:00,1st,1,0,1
999,2026-05-20 13:05:00,2nd,1,0,1
999,2026-05-20 13:05:00,3rd,1,0,1
999,2026-05-20 13:05:00,4th,0,0,0
999,2026-05-20 13:05:00,5th,0,0,0
999,2026-05-20 13:05:00,6th,0,0,0
999,2026-05-20 13:05:00,7th,-1,2,1
1000,2026-05-20 12:50:00,1st,-2,3,1
1000,2026-05-20 12:50:00,2nd,0,0,0
1000,2026-05-20 12:50:00,3rd,0,0,0
1000,2026-05-20 12:50:00,4th,0,0,0
1000,2026-05-20 12:50:00,5th,-1,1,0
1000,2026-05-20 12:50:00,6th,0,0,0
1000,2026-05-20 12:50:00,7th,0,0,0
